Animal,Country,Owner Name,Email,Phone Numbe
Roan antelope,BR,Inge Boland,iboland0@google.com.au,163-142-9425
"Wallaby, whip-tailed",CN,Francisco Mullally,fmullally1@cam.ac.uk,105-821-3531
Openbill stork,FM,Andrej Strawbridge,astrawbridge2@wunderground.com,637-229-3240
Eastern grey kangaroo,RU,Maggi Keymer,mkeymer3@myspace.com,438-150-4248
"Falcon, peregrine",CN,Ezequiel Gilffilland,egilffilland4@printfriendly.com,412-947-1908
Fat-tailed dunnart,PL,Mortie Bolesma,mbolesma5@va.gov,800-638-2450
"Pigeon, wood",AR,Joann Drohun,jdrohun6@toplist.cz,438-804-5968
"Colobus, magistrate black",ZA,Somerset Alflatt,salflatt7@oaic.gov.au,864-421-3305
Brown lemur,PL,Bunnie Van der Kruis,bvan8@hubpages.com,429-580-2489
Sambar,CN,Hyacinthie Beardow,hbeardow9@chronoengine.com,580-579-4362
"Boa, malagasy ground",PH,Holly Littell,hlittella@nih.gov,370-629-5918
"Bustard, kori",CN,Nicky Spenton,nspentonb@ovh.net,263-819-7684
Tiger,US,Devy Cleife,dcleifec@themeforest.net,254-290-8960
Dromedary camel,HT,Emelina Tomini,etominid@chron.com,577-694-4369
Black-backed jackal,CN,Maegan Aurelius,maureliuse@abc.net.au,530-438-6142
Coqui partridge,ZA,Hettie Passion,hpassionf@miibeian.gov.cn,543-743-9045
Eagle owl (unidentified),SE,Gaelan Oxnam,goxnamg@drupal.org,324-608-0904
"Possum, western pygmy",CN,Hodge Middell,hmiddellh@tripod.com,714-983-2631
Grey heron,PK,Jolee Willbraham,jwillbrahami@technorati.com,427-401-8721
"Stork, woolly-necked",RU,Jodi Cecchetelli,jcecchetellij@skype.com,237-636-5532
"Flamingo, chilean",ID,Hyacintha Milburne,hmilburnek@go.com,795-325-8060
"Crane, stanley",PE,Rowena Cecchi,rcecchil@go.com,446-991-5074
"Peccary, collared",PH,Joyan Witts,jwittsm@a8.net,893-297-5636
Toddy cat,SE,Taber Croal,tcroaln@shareasale.com,203-413-5187
Eastern cottontail rabbit,MX,Benji Brunner,bbrunnero@discovery.com,445-941-4891
Giant anteater,ID,Alvira Danit,adanitp@nps.gov,755-874-3345
"Lion, african",CN,Dillon Sorton,dsortonq@wiley.com,738-806-0974
Meerkat,ID,Desiree Hammand,dhammandr@t.co,546-365-6995
"Colobus, black and white",ID,Gregoor Busfield,gbusfields@omniture.com,270-874-2791
"Peacock, blue",RU,Danny Gunney,dgunneyt@nhs.uk,673-959-4681
"Dog, bush",RU,Verene Parncutt,vparncuttu@digg.com,263-886-4032
"Dog, bush",FR,Mathe Espinoza,mespinozav@scribd.com,129-355-4812
"Heron, striated",CN,Miguela Rate,mratew@hc360.com,203-794-2989
Snowy owl,CN,Wynn Avard,wavardx@tumblr.com,554-548-7471
Wild turkey,IL,Kaja Cardenosa,kcardenosay@flickr.com,179-198-5845
"Bulbul, african red-eyed",ID,Patric Issatt,pissattz@usgs.gov,351-439-6843
"Heron, green",BR,Westleigh Daugherty,wdaugherty10@mac.com,266-530-1861
Malleefowl,MH,Eugine Riordan,eriordan11@ft.com,485-296-0996
"Buffalo, wild water",ID,Brooks Manass,bmanass12@prlog.org,749-263-9393
Asiatic wild ass,AL,Tomaso Crowder,tcrowder13@theglobeandmail.com,314-785-4998
King vulture,MX,Liz Blurton,lblurton14@hexun.com,644-254-1421
Red meerkat,AM,Paloma Edbrooke,pedbrooke15@google.co.jp,312-958-8885
Silver-backed fox,DO,Bondon Hedlestone,bhedlestone16@t-online.de,167-307-2769
Raccoon dog,FR,Zared Mosedale,zmosedale17@spotify.com,744-738-6050
"Chickadee, black-capped",FR,Evelyn Turfs,eturfs18@yellowbook.com,761-784-1351
"Lory, rainbow",CN,Ernestus Ailward,eailward19@theguardian.com,391-181-3016
"Baboon, olive",BR,Emelen Thomasen,ethomasen1a@barnesandnoble.com,134-480-1437
Kongoni,EC,Miner Idiens,midiens1b@ezinearticles.com,897-531-3724
"Iguana, marine",VE,Evyn Diegan,ediegan1c@behance.net,699-143-5893
Long-finned pilot whale,CN,Blanch Little,blittle1d@so-net.ne.jp,226-789-8698
"Penguin, little blue",MY,Sheffield Veneur,sveneur1e@earthlink.net,168-139-0744
"Otter, small-clawed",MX,Othilia Pinckney,opinckney1f@google.fr,189-742-9027
"Weaver, sociable",FR,Angelique Du Pre,adu1g@goo.ne.jp,111-890-5844
"Heron, black-crowned night",VN,Israel Ivshin,iivshin1h@dedecms.com,365-549-1392
"Devil, tasmanian",IR,Maryrose Rillatt,mrillatt1i@liveinternet.ru,139-984-9570
Snake (unidentified),HN,Janaye Labbett,jlabbett1j@unesco.org,647-485-1063
Brown pelican,CN,Mimi Bissiker,mbissiker1k@goo.ne.jp,920-615-4897
"Weaver, lesser masked",RU,Mauricio Scragg,mscragg1l@stumbleupon.com,820-897-8417
Indian leopard,PA,Enrica Skillman,eskillman1m@dmoz.org,879-852-1058
Blue-breasted cordon bleu,BR,Fleming Hallowell,fhallowell1n@sciencedaily.com,155-678-2370
"Bulbul, african red-eyed",ID,Terza McIlraith,tmcilraith1o@chron.com,447-627-8913
"Cobra, egyptian",ID,Garret Orniz,gorniz1p@mail.ru,423-674-8197
Feathertail glider,NE,Brocky Penniall,bpenniall1q@mtv.com,250-849-6608
Griffon vulture,CN,Shannon Lutz,slutz1r@sciencedaily.com,965-686-1700
Guanaco,CF,Avery Motte,amotte1s@china.com.cn,352-138-5966
Black-throated cardinal,CZ,Pip Haig,phaig1t@biblegateway.com,839-746-1710
Marine iguana,PE,Mirilla Vaudin,mvaudin1u@shareasale.com,692-203-6649
Golden brush-tailed possum,PL,Johan Parkman,jparkman1v@reddit.com,720-870-5665
Frilled dragon,PE,Drucie Gallety,dgallety1w@stumbleupon.com,458-978-2296
"Rattlesnake, dusky",HR,Adriana Ghidini,aghidini1x@xinhuanet.com,133-712-5129
"Buffalo, asian water",PT,Joel Lenton,jlenton1y@dagondesign.com,503-589-9222
"Squirrel, eastern fox",VE,Filippo Forgie,fforgie1z@posterous.com,430-989-3567
Collared lizard,BR,Jeramie Severwright,jseverwright20@hugedomains.com,617-336-0232
Tsessebe,RU,Shirley Fontenot,sfontenot21@twitpic.com,840-920-3925
"Pintail, white-cheeked",CN,Keane Boote,kboote22@adobe.com,701-181-7218
Sage hen,PH,Hasheem Illyes,hillyes23@mediafire.com,330-213-6514
Common green iguana,CN,Boycie Niland,bniland24@cocolog-nifty.com,549-881-0234
Arctic fox,CN,Reece Izaks,rizaks25@tamu.edu,424-793-9313
"Flamingo, roseat",TT,Bronson Jery,bjery26@photobucket.com,778-629-5805
Nubian bee-eater,ID,Hersh Juanes,hjuanes27@gnu.org,480-628-8815
"Lemur, sportive",ID,Thaine Ferneyhough,tferneyhough28@elegantthemes.com,874-907-1388
"Dog, raccoon",CN,Gusella Kalkofen,gkalkofen29@gizmodo.com,346-225-6610
"Civet, small-toothed palm",BR,Albert Carty,acarty2a@woothemes.com,315-149-8498
"Sloth, pale-throated three-toed",RU,Ferrell Segar,fsegar2b@ehow.com,979-881-3165
"Darter, african",CN,Dulcia Deverille,ddeverille2c@domainmarket.com,137-993-0813
Cape clawless otter,TH,Serene Axtell,saxtell2d@angelfire.com,729-457-9315
"Colobus, black and white",CN,Eleanor Pirozzi,epirozzi2e@ucla.edu,482-370-2487
Ibex,CN,Minette Mallatratt,mmallatratt2f@hostgator.com,705-809-1590
Koala,PL,Bernita Human,bhuman2g@tumblr.com,398-362-8797
"Squirrel, eastern fox",JP,Jeffy Kinningley,jkinningley2h@census.gov,413-621-9139
"Snake, carpet",ZA,Valaree Musterd,vmusterd2i@sciencedaily.com,841-451-2307
Grey heron,CZ,Devora Keele,dkeele2j@ebay.co.uk,117-814-0593
Darwin ground finch (unidentified),PH,Nestor Daveren,ndaveren2k@delicious.com,383-860-6773
"Cormorant, javanese",PH,Miltie Adamovich,madamovich2l@sun.com,107-386-8776
Western bearded dragon,KR,Millisent Quenell,mquenell2m@163.com,133-837-5721
Potoroo,CN,Curran Roffe,croffe2n@goo.ne.jp,927-176-7477
"Wagtail, african pied",US,Ambros Feake,afeake2o@yellowpages.com,571-303-1187
European stork,CN,Elonore Orbon,eorbon2p@yahoo.co.jp,793-700-7299
Northern phalarope,PH,Bee Havelin,bhavelin2q@ow.ly,967-876-7968
"Mouse, four-striped grass",NO,Orion Calcutt,ocalcutt2r@jalbum.net,904-498-2979
African lynx,RU,Merline Mifflin,mmifflin2s@merriam-webster.com,415-743-5634
Black-backed magpie,CN,Glenn Clear,gclear2t@tmall.com,982-272-4975
Common melba finch,ET,Yardley Christene,ychristene2u@boston.com,510-990-7799
"Tapir, brazilian",BR,Marrissa Gajewski,mgajewski2v@opensource.org,779-446-0844
"Bushbaby, large-eared",BR,Pietrek Bloss,pbloss2w@aol.com,603-302-9946
African elephant,CN,Zelig Spinozzi,zspinozzi2x@unesco.org,461-908-1020
Kongoni,CN,Skelly Smerdon,ssmerdon2y@1und1.de,710-427-2525
"Jackal, golden",FR,Alyda Quincey,aquincey2z@paypal.com,236-907-4203
"Tamandua, southern",BR,Matthiew Gristock,mgristock30@icio.us,281-361-1618
"Bee-eater, carmine",US,Osbourne Batrick,obatrick31@com.com,518-768-1080
"Deer, spotted",BR,Rafferty Aluard,raluard32@godaddy.com,489-940-7290
African porcupine,CN,Chauncey MacRierie,cmacrierie33@ocn.ne.jp,548-821-6514
"Turtle, long-necked",FR,Carmelia McGregor,cmcgregor34@techcrunch.com,491-558-8353
"Tapir, brazilian",PH,Courtnay Scamaden,cscamaden35@blogger.com,733-135-1847
Blacksmith plover,AF,Reine Alessandrini,ralessandrini36@uiuc.edu,561-237-8029
Grant's gazelle,ID,Constantino Pepperell,cpepperell37@zimbio.com,445-776-1030
Cape wild cat,IR,Early Iacovides,eiacovides38@jiathis.com,871-284-0932
Frilled dragon,TZ,Marcel Elvin,melvin39@feedburner.com,915-965-3496
"Squirrel, red",NP,Jean Elves,jelves3a@redcross.org,712-627-1081
"Stork, european",ID,Lynea McCabe,lmccabe3b@hp.com,953-915-3373
"Wallaby, whip-tailed",CN,Yurik Dunsford,ydunsford3c@nyu.edu,841-504-0135
Asian red fox,NG,Dawna Eirwin,deirwin3d@woothemes.com,160-753-0569
Gemsbok,CN,Ahmed Renyard,arenyard3e@ca.gov,354-863-9167
Gray duiker,NP,Brooke Klainer,bklainer3f@mlb.com,872-723-5845
"Wallaby, whip-tailed",CN,Karel Munson,kmunson3g@cmu.edu,907-414-1910
"Salmon, sockeye",AM,Reba Staker,rstaker3h@discuz.net,600-183-2757
African snake (unidentified),BY,Dud Castelain,dcastelain3i@home.pl,249-769-8982
"Whale, southern right",PH,Caria Seymer,cseymer3j@cargocollective.com,615-480-0315
"Bat, asian false vampire",CN,Allistir Corneliussen,acorneliussen3k@fema.gov,506-396-8297
Common duiker,CN,Reinaldos Fasey,rfasey3l@intel.com,654-519-6770
"Hoopoe, eurasian",FM,Trista Schafer,tschafer3m@example.com,961-145-8376
Long-tailed spotted cat,ID,Kent Swetman,kswetman3n@myspace.com,548-779-4471
Ground monitor (unidentified),GR,Miguel Aveson,maveson3o@guardian.co.uk,683-625-6635
Oribi,CN,Glori Ionesco,gionesco3p@fotki.com,588-934-0395
"Cockatoo, slender-billed",PL,Merrick Silber,msilber3q@bbb.org,793-564-0407
"Drongo, fork-tailed",CN,Kaitlin McLaggan,kmclaggan3r@joomla.org,480-343-9351
Feathertail glider,UY,Hasty Gallehock,hgallehock3s@meetup.com,616-753-4108
"Bear, american black",BR,Bernita Goldring,bgoldring3t@quantcast.com,740-232-8760
Striped skunk,CN,Lenard Milmo,lmilmo3u@opensource.org,109-323-7669
"Rat, white-faced tree",PA,Gal Veighey,gveighey3v@constantcontact.com,296-990-5914
Bird (unidentified),MZ,Wernher Ipgrave,wipgrave3w@123-reg.co.uk,150-725-6245
Eastern fox squirrel,PY,Haslett Petrushkevich,hpetrushkevich3x@infoseek.co.jp,614-217-7467
"Flamingo, lesser",PL,Emma Cranmere,ecranmere3y@wunderground.com,515-879-4054
Kalahari scrub robin,PS,Camel Matthews,cmatthews3z@weibo.com,313-113-3874
"Skua, great",JP,Hunt Posvner,hposvner40@cloudflare.com,435-232-5730
"Peccary, collared",RU,Francyne Dan,fdan41@reddit.com,166-597-0350
"Hartebeest, red",ZA,Giff Joselin,gjoselin42@xrea.com,247-800-8695
"Crake, african black",PT,Rania Clinch,rclinch43@dot.gov,726-203-5156
Great egret,CN,Jillane Janson,jjanson44@histats.com,714-935-1228
Warthog,ID,Roberta Beckwith,rbeckwith45@jimdo.com,603-367-1002
North American river otter,ID,Barnie McGowran,bmcgowran46@nytimes.com,796-461-3484
Barrows goldeneye,IR,Burk Trevallion,btrevallion47@wp.com,939-975-5785
White-headed vulture,CZ,Odele Mariette,omariette48@sphinn.com,239-450-0483
Platypus,CN,Gayleen Perrington,gperrington49@economist.com,745-482-0407
"Bustard, stanley",KR,Udall Pauley,upauley4a@unblog.fr,193-539-6868
White-browed owl,TH,Buck Grigolli,bgrigolli4b@vk.com,485-456-7786
"Tern, royal",VN,Cyndy Toomey,ctoomey4c@examiner.com,327-477-7190
"Booby, masked",CN,Carey Donnellan,cdonnellan4d@sciencedaily.com,519-438-9022
Madagascar fruit bat,CA,Harriet Noads,hnoads4e@unblog.fr,631-250-2983
"Badger, eurasian",CO,Kile Woodwind,kwoodwind4f@apple.com,774-649-4663
Blue crane,CN,Hertha Biasi,hbiasi4g@archive.org,389-710-4722
"Wambenger, red-tailed",ZA,Cati Ruos,cruos4h@prweb.com,266-621-2559
Chuckwalla,PL,Kahaleel Skilling,kskilling4i@house.gov,564-651-5934
Southern white-crowned shrike,KP,Kai Robb,krobb4j@va.gov,950-379-9127
"Parakeet, rose-ringed",UA,Lyell Bartholat,lbartholat4k@weibo.com,413-602-8136
Guanaco,DJ,Giorgio Sproston,gsproston4l@nih.gov,696-723-4995
African lynx,PL,Franklyn Draxford,fdraxford4m@usatoday.com,517-299-7372
"Dog, bush",US,Yoshi Gebby,ygebby4n@wikimedia.org,850-172-6439
Richardson's ground squirrel,GR,Tito Duffil,tduffil4o@drupal.org,604-512-1060
White-winged black tern,RU,Mirabel Wanell,mwanell4p@illinois.edu,221-352-4524
"Heron, green-backed",PT,Nevin Baldocci,nbaldocci4q@youku.com,296-730-2728
"Dove, little brown",CZ,Faber Wards,fwards4r@ustream.tv,948-248-8784
Common long-nosed armadillo,US,Butch Monard,bmonard4s@nasa.gov,516-711-3796
Indian peacock,BA,Doy Jopling,djopling4t@blogspot.com,970-725-6029
Eurasian beaver,ID,Gillie Halle,ghalle4u@buzzfeed.com,558-254-3173
"Kingfisher, pied",MX,Deva Rogan,drogan4v@photobucket.com,587-405-9716
"Catfish, blue",JP,Dena Pietrzyk,dpietrzyk4w@skype.com,304-274-0231
"Civet, small-toothed palm",SE,Francoise Moulding,fmoulding4x@state.tx.us,807-709-0444
Knob-nosed goose,CA,Roseanna Giacobbo,rgiacobbo4y@unesco.org,784-734-1613
"Capuchin, white-fronted",US,Gipsy Thraves,gthraves4z@goo.gl,417-181-2757
Cook's tree boa,BA,Elaine O'Reagan,eoreagan50@studiopress.com,994-520-6568
Woodchuck,ID,Leoline Gylle,lgylle51@ftc.gov,914-130-8910
Desert kangaroo rat,US,Deedee Wickersham,dwickersham52@usda.gov,517-133-9049
"Crane, black-crowned",PH,Holly Goodright,hgoodright53@wikimedia.org,655-122-4387
"Owl, burrowing",CN,Nefen Otter,notter54@mac.com,692-128-8722
Galapagos penguin,FI,Jacqui Lacrouts,jlacrouts55@dropbox.com,102-130-1809
Black-fronted bulbul,ID,Talyah Stanway,tstanway56@tinyurl.com,232-505-1613
White-necked raven,ID,Marjory Halmkin,mhalmkin57@jalbum.net,569-274-3930
Platypus,SI,Tadeo Gingel,tgingel58@shareasale.com,354-352-1058
"Skunk, western spotted",SE,Aristotle Allsupp,aallsupp59@princeton.edu,405-354-5317
Bleeding heart monkey,ID,Ignazio Camings,icamings5a@mac.com,759-178-5877
"Sloth, pale-throated three-toed",CA,Elaine Fishbie,efishbie5b@bigcartel.com,200-137-8386
Crab (unidentified),KR,Sauveur Lathe,slathe5c@businessinsider.com,559-755-6509
"Tinamou, elegant crested",SE,Madalyn Pursey,mpursey5d@wufoo.com,692-917-6082
Golden eagle,NL,Gretna Eaden,geaden5e@cmu.edu,168-468-1007
Black-winged stilt,ML,Minna Tremellan,mtremellan5f@archive.org,428-114-4242
"Lion, african",CN,Lyman Brandone,lbrandone5g@cnn.com,623-714-1766
Asian openbill,PH,Bernarr Moulden,bmoulden5h@blogs.com,234-949-6038
Western bearded dragon,US,Rosco MacCurtain,rmaccurtain5i@elegantthemes.com,915-578-4926
Common zebra,SE,Dani Shedd,dshedd5j@free.fr,756-993-4552
Sage grouse,CN,Silvano Rauprich,srauprich5k@fema.gov,627-678-9685
"Screamer, crested",RU,Myca Boys,mboys5l@people.com.cn,988-492-7910
Red-winged hawk (unidentified),BR,Freida Corday,fcorday5m@vk.com,808-973-6848
Nile crocodile,JP,Shepperd Enderlein,senderlein5n@toplist.cz,850-895-5407
Flightless cormorant,RS,Sidonnie Tuther,stuther5o@state.gov,424-210-8895
Tiger cat,CN,Oralle Partrick,opartrick5p@arstechnica.com,546-114-8885
"Rhea, common",SY,Darb Cosgreave,dcosgreave5q@blogs.com,861-535-9334
"Starling, superb",PK,Giffy Veart,gveart5r@php.net,493-564-3708
"Elk, Wapiti",CN,Menard Aymerich,maymerich5s@nydailynews.com,960-758-8773
Rock dove,ID,Lyndsie MacLoughlin,lmacloughlin5t@spotify.com,878-545-1391
Harbor seal,VN,Madlin Matias,mmatias5u@ucla.edu,497-414-7248
Tsessebe,RU,Dallas Spaice,dspaice5v@blogs.com,660-535-1469
"Dragon, komodo",CN,Gwenore Balint,gbalint5w@istockphoto.com,199-680-5665
"Squirrel, richardson's ground",BR,Alys Flett,aflett5x@google.it,123-589-4160
Red-headed woodpecker,PL,Alyda Broggio,abroggio5y@narod.ru,973-206-4112
"Brocket, brown",US,Ferdinanda Potes,fpotes5z@technorati.com,262-705-6102
"Cobra, cape",GR,Neville Stears,nstears60@prlog.org,939-844-1635
Malleefowl,IE,Steffane Quilty,squilty61@narod.ru,539-722-7771
"Sungazer, yellow-brown",CN,Pauletta Gohier,pgohier62@wordpress.org,679-952-7104
"Swan, black",ES,Noell Everton,neverton63@yahoo.com,418-983-9352
Arctic hare,ID,Pearline Iacovazzi,piacovazzi64@digg.com,837-366-7857
American Virginia opossum,CN,Catharine Rain,crain65@home.pl,683-241-9944
Asian lion,CN,Toddie Ewert,tewert66@youtube.com,645-311-1603
Mourning collared dove,TG,Daffie Pryke,dpryke67@sogou.com,160-287-8171
Osprey,TH,Reg Klemmt,rklemmt68@ow.ly,264-826-5855
"Hen, sage",EG,Emera Renn,erenn69@nhs.uk,905-871-9605
Platypus,ID,Fran Haliburn,fhaliburn6a@oracle.com,684-424-0908
White-tailed jackrabbit,ID,Jaine Willshear,jwillshear6b@apple.com,527-574-9681
"Lemur, lesser mouse",CN,Deborah Axup,daxup6c@ft.com,310-930-4438
Greater rhea,BE,Etta Claxton,eclaxton6d@blinklist.com,471-979-2842
African pied wagtail,CN,Boothe Arbuckle,barbuckle6e@opensource.org,557-854-7579
Flying fox (unidentified),CN,Mose Deval,mdeval6f@symantec.com,862-361-1280
Common shelduck,RS,Emmie Guerreau,eguerreau6g@bloglines.com,675-886-3030
"Mockingbird, galapagos",TZ,Eloisa Durrad,edurrad6h@addtoany.com,950-246-7655
Common langur,CN,Dre Brookshaw,dbrookshaw6i@plala.or.jp,689-470-6722
"Oryx, fringe-eared",PS,Katleen Jurisch,kjurisch6j@rakuten.co.jp,894-303-8473
"Jackal, indian",FR,Jacklyn Marde,jmarde6k@usda.gov,234-756-6405
Roseat flamingo,PE,Marylin Stannett,mstannett6l@twitter.com,702-501-5475
"Trumpeter, dark-winged",CZ,Krystle Beyne,kbeyne6m@china.com.cn,286-949-1417
"Hoopoe, eurasian",CN,Delmar Pawelec,dpawelec6n@example.com,993-412-9859
"Lemur, lesser mouse",GT,Lockwood Jirek,ljirek6o@usa.gov,467-920-9200
"Hen, sage",ID,Regina Dionsetto,rdionsetto6p@live.com,743-141-7818
Russian dragonfly,ID,Darwin Dechelette,ddechelette6q@macromedia.com,323-111-2609
Eurasian hoopoe,VE,Hanna Brownjohn,hbrownjohn6r@1und1.de,410-772-1006
"Dolphin, bottle-nose",CN,Samson Freddi,sfreddi6s@constantcontact.com,510-761-6827
Blue and gold macaw,CN,Darbee Roelvink,droelvink6t@wsj.com,352-965-6261
House crow,SY,Moll Perse,mperse6u@tripadvisor.com,334-590-4028
Agama lizard (unidentified),PL,Randy Reinard,rreinard6v@e-recht24.de,938-292-2797
Common zorro,JP,Reece Fitzsimons,rfitzsimons6w@naver.com,446-845-7399
"Phascogale, red-tailed",KH,Marla Bearcock,mbearcock6x@sfgate.com,468-732-7751
Canadian tiger swallowtail butterfly,PL,Cayla De Fraine,cde6y@xrea.com,486-737-9407
Old world fruit bat (unidentified),TH,Aggi Fairn,afairn6z@geocities.com,700-581-9622
"Monkey, black spider",GR,Deerdre Phuprate,dphuprate70@google.it,537-467-3992
Common seal,CA,Ferdy Gockelen,fgockelen71@tiny.cc,363-673-7411
"Bear, american black",CR,Wilmette Warrender,wwarrender72@ow.ly,165-324-2760
Pronghorn,CZ,Eda Jakoubec,ejakoubec73@4shared.com,920-138-8605
Laughing kookaburra,PH,Kevina Johnson,kjohnson74@jiathis.com,750-724-5007
Caribou,BR,Eudora Carson,ecarson75@ustream.tv,542-366-6341
Little heron,TH,Wang Pretswell,wpretswell76@hatena.ne.jp,210-188-4312
"Turtle, snake-necked",JP,Jacquette Weems,jweems77@examiner.com,848-623-2184
Blue-footed booby,BY,Queenie Lewzey,qlewzey78@statcounter.com,302-730-5566
"Openbill, asian",ID,Armin Marnane,amarnane79@opera.com,339-930-0596
Yellow-billed stork,CN,Gavrielle Chew,gchew7a@imgur.com,596-324-6634
"Lizard, frilled",CN,Emmalynne Deary,edeary7b@nasa.gov,568-932-4210
Common brushtail possum,SE,Ritchie Minocchi,rminocchi7c@reverbnation.com,839-602-9333
"Tortoise, asian foreset",PT,Terrill Chastanet,tchastanet7d@nifty.com,478-747-1314
"Mongoose, banded",PL,Tibold Wilflinger,twilflinger7e@1und1.de,955-421-1604
"Dove, emerald-spotted wood",ID,Daveta Hazel,dhazel7f@nba.com,758-592-7016
"Genet, small-spotted",EG,Verena Rainard,vrainard7g@phoca.cz,672-128-8847
"Grenadier, common",ZA,Lonnie Potebury,lpotebury7h@dyndns.org,151-448-8791
"Pigeon, feral rock",PE,Mari Rummer,mrummer7i@dion.ne.jp,155-503-9247
"Cormorant, large",CN,Fabiano Clemmen,fclemmen7j@nationalgeographic.com,169-823-8693
Springbuck,ID,Rahel Philippson,rphilippson7k@sun.com,137-849-4392
"Weaver, sociable",UG,Shandee Colt,scolt7l@myspace.com,588-324-7843
Wild water buffalo,BA,Branden Critch,bcritch7m@gravatar.com,751-877-5526
"Heron, goliath",NZ,Kati Dibnah,kdibnah7n@washington.edu,430-771-6349
"Boa, cook's tree",BY,Kendall Head,khead7o@jalbum.net,106-613-7893
Levaillant's barbet,NG,Giffy Bartoszewicz,gbartoszewicz7p@jigsy.com,956-580-9890
Roseat flamingo,MK,Riccardo Snoddy,rsnoddy7q@usgs.gov,797-277-5795
Kafue flats lechwe,RU,Fenelia Risbrough,frisbrough7r@aol.com,143-136-3684
"Shelduck, european",JP,Shalom Bidgod,sbidgod7s@google.com.hk,641-435-0176
Azara's zorro,PL,Rodie Polamontayne,rpolamontayne7t@msu.edu,606-509-8233
African bush squirrel,CN,Antoni Crenshaw,acrenshaw7u@census.gov,371-776-7623
Bald eagle,PL,Dierdre Digan,ddigan7v@gravatar.com,388-520-6416
"Lizard, mexican beaded",ID,Marika Gouldeby,mgouldeby7w@hexun.com,492-461-1779
Spotted deer,BO,Desmund Eddoes,deddoes7x@bloglines.com,826-199-2906
"Constrictor, eastern boa",ID,Jeanine New,jnew7y@altervista.org,426-384-8193
"Swan, trumpeter",RU,Jennie Showen,jshowen7z@vkontakte.ru,231-390-7782
American racer,AF,Ynes Grishin,ygrishin80@linkedin.com,352-453-5464
Eastern grey kangaroo,CN,Nanny Blunsum,nblunsum81@theguardian.com,418-129-0401
Southern lapwing,CN,Sunny Squibbes,ssquibbes82@jimdo.com,740-973-9988
Red meerkat,CN,Inglis Siemens,isiemens83@pen.io,896-913-3298
"Skimmer, four-spotted",CN,Janis Broseman,jbroseman84@europa.eu,899-169-4329
"Drongo, fork-tailed",KZ,Shermy Kalinsky,skalinsky85@intel.com,339-231-7502
"Cormorant, king",ID,Constancy Lott,clott86@geocities.com,295-569-7411
Gelada baboon,CR,Kristofor Hartell,khartell87@dailymotion.com,253-619-5087
"Dove, little brown",ID,Bill Prophet,bprophet88@topsy.com,143-619-4688
Sable antelope,BR,Gayla Minogue,gminogue89@dedecms.com,985-585-1795
Brown antechinus,SY,Reynard Blemen,rblemen8a@admin.ch,763-182-7321
"Rattlesnake, eastern diamondback",CN,Audra Naper,anaper8b@vinaora.com,546-880-2063
"Iguana, marine",CN,Michaella Whitecross,mwhitecross8c@amazon.de,348-932-7115
Chestnut weaver,TH,Hilarius Dower,hdower8d@free.fr,529-969-2051
Arctic lemming,MY,Kahaleel Attenborough,kattenborough8e@livejournal.com,122-478-6545
"Gull, lava",PE,Freeman Stilldale,fstilldale8f@livejournal.com,142-347-2185
Weeper capuchin,ID,Fitzgerald Breming,fbreming8g@eepurl.com,911-647-4401
"Lion, california sea",VE,Vanni Teanby,vteanby8h@businessweek.com,797-976-8099
"Wallaby, dama",MX,Arabel Van Merwe,avan8i@cisco.com,178-348-9879
"Otter, canadian river",CO,Jessamine Tombleson,jtombleson8j@who.int,355-557-6522
"Bird, secretary",CN,Trumann Monini,tmonini8k@usa.gov,503-818-5319
American beaver,CL,Dinnie Tander,dtander8l@theguardian.com,936-295-3888
"Lory, rainbow",TJ,Danni Lumbley,dlumbley8m@zdnet.com,405-898-6722
"Squirrel, grey-footed",RU,Winthrop Moody,wmoody8n@baidu.com,343-769-8346
"Jackal, silver-backed",SE,Ernaline Quesne,equesne8o@salon.com,615-957-0963
Asian elephant,CA,Rinaldo Otteridge,rotteridge8p@themeforest.net,645-435-7492
Feathertail glider,ID,Ralina Covotto,rcovotto8q@so-net.ne.jp,489-261-1828
"Dog, raccoon",HT,Cammy Cockton,ccockton8r@mozilla.com,190-385-0245
"Capuchin, brown",EG,Abdul Sleeny,asleeny8s@tripod.com,321-557-0337
"Puma, south american",CL,Karlyn Du Fray,kdu8t@qq.com,406-460-1194
Mandras tree shrew,VN,Corey Anders,canders8u@ovh.net,235-229-4869
Red-tailed cockatoo,TH,Phillipp Arnell,parnell8v@canalblog.com,485-598-6966
Bush dog,ID,Orelie Willcock,owillcock8w@apache.org,694-104-7102
Ferruginous hawk,AM,Timofei Empleton,templeton8x@phoca.cz,524-580-0062
Royal tern,PH,Saul Graham,sgraham8y@ft.com,495-978-0435
"Squirrel, golden-mantled ground",CN,Tan Duhig,tduhig8z@storify.com,576-124-6867
"Barbet, levaillant's",SE,Eba Gidden,egidden90@histats.com,380-948-8575
Common boubou shrike,VN,Alonso Streetfield,astreetfield91@blinklist.com,194-518-1470
Long-finned pilot whale,CZ,Lindie Coraini,lcoraini92@dmoz.org,516-303-2188
Violet-crested turaco,CO,Barnebas McGrorty,bmcgrorty93@loc.gov,357-749-3298
Galapagos albatross,ID,Donovan Devonish,ddevonish94@hibu.com,593-977-8855
"Dolphin, bottle-nose",PH,Lenci Renner,lrenner95@hud.gov,894-592-7850
"Peacock, blue",ID,Blayne Booton,bbooton96@dailymail.co.uk,971-839-0182
"Crane, stanley",IE,Brewster Lazonby,blazonby97@bizjournals.com,282-465-9259
"Heron, little",CN,Arnold Halksworth,ahalksworth98@mediafire.com,670-242-9471
Gray langur,TH,Annaliese Chewter,achewter99@earthlink.net,784-695-8797
Crimson-breasted shrike,CA,Codie Coolson,ccoolson9a@clickbank.net,186-392-3690
Red-tailed phascogale,CN,Nerita Wigfall,nwigfall9b@theguardian.com,598-179-6419
Common wallaroo,FR,Andria Pedwell,apedwell9c@simplemachines.org,319-601-7023
"Vulture, oriental white-backed",CN,Mar Muggeridge,mmuggeridge9d@cnet.com,986-794-8597
Chilean flamingo,CN,Sig Gourlie,sgourlie9e@wsj.com,212-717-8823
Civet (unidentified),GR,Willis Haliburton,whaliburton9f@youtu.be,930-349-0411
"Wolf, common",CN,Aggi Sapsforde,asapsforde9g@slideshare.net,139-672-2215
"Quoll, spotted-tailed",FR,Ricki Peeke,rpeeke9h@admin.ch,448-927-2462
"Capuchin, white-fronted",BR,Loralie Whooley,lwhooley9i@wired.com,396-491-1199
"Crane, blue",ID,Laurie Thandi,lthandi9j@uol.com.br,409-826-3091
"Hornbill, yellow-billed",BR,Veriee Krink,vkrink9k@weebly.com,909-104-5152
White-faced tree rat,BY,Bonita Ede,bede9l@alexa.com,799-130-5348
"Lourie, grey",ID,Jayson Tregust,jtregust9m@dailymotion.com,584-475-9215
"Bulbul, african red-eyed",AZ,Bord Brummitt,bbrummitt9n@gravatar.com,298-173-0156
Red-breasted nuthatch,TZ,Bernita Marson,bmarson9o@instagram.com,926-345-1106
Cape white-eye,CZ,Darcy Lydiate,dlydiate9p@example.com,297-316-4596
"Pintail, bahama",ML,Thornton Sweetland,tsweetland9q@lulu.com,256-178-4498
Little brown bat,PH,Garfield Sowten,gsowten9r@thetimes.co.uk,491-948-9292
"Crow, american",RU,Brittaney Buckthorpe,bbuckthorpe9s@tmall.com,506-908-9844
"Otter, small-clawed",CZ,Georgeta Salerg,gsalerg9t@list-manage.com,374-846-1162
White-faced tree rat,ID,Lemuel Gallagher,lgallagher9u@webmd.com,594-928-0805
Feathertail glider,ID,Marlow Wogden,mwogden9v@fc2.com,110-871-6608
"Lion, steller's sea",CN,Fred Hanssmann,fhanssmann9w@who.int,267-455-3474
"Elk, Wapiti",ES,Simone Allon,sallon9x@blogtalkradio.com,177-333-4769
Coke's hartebeest,CO,Boyce Hearsey,bhearsey9y@addtoany.com,598-436-4086
Richardson's ground squirrel,RU,Gavin Letty,gletty9z@sun.com,988-516-3064
"Turkey, wild",US,Clemens Imason,cimasona0@businesswire.com,251-749-1519
Argalis,NO,Lurette Pollington,lpollingtona1@nasa.gov,603-700-1503
Azara's zorro,ID,Vittorio Towse,vtowsea2@oaic.gov.au,933-812-1620
Caribou,ID,Lorant Sprigg,lsprigga3@alexa.com,643-191-6679
Malleefowl,AF,Rivalee Anscott,ranscotta4@fc2.com,314-342-7457
"Cat, miner's",CN,Garrard Joost,gjoosta5@spotify.com,327-744-0774
"Magpie, australian",US,Alfi Cable,acablea6@g.co,202-414-7086
Green-winged macaw,JM,Lucila Aizikov,laizikova7@xing.com,204-877-0533
White-fronted bee-eater,PL,Vevay Gerault,vgeraulta8@myspace.com,931-618-7566
Small-toothed palm civet,CN,Skell Celes,scelesa9@amazon.co.jp,149-858-5634
"Stork, jabiru",GR,Olivero Pimerick,opimerickaa@creativecommons.org,626-576-0284
"Woodcock, american",RU,Pasquale Cherrie,pcherrieab@xinhuanet.com,286-568-0772
Columbian rainbow boa,FR,Annora Rattenbury,arattenburyac@google.ru,624-386-5038
"Cat, cape wild",NL,Viva McKerrow,vmckerrowad@surveymonkey.com,675-852-9884
"Sheep, american bighorn",PE,Rosabel Bassom,rbassomae@cargocollective.com,632-473-5925
"Skua, long-tailed",AL,Virgina Rookledge,vrookledgeaf@bigcartel.com,561-192-9348
"Swan, trumpeter",CF,Marijn Samples,msamplesag@msu.edu,195-331-7838
"Dragon, ornate rock",CN,Moises Batiste,mbatisteah@columbia.edu,662-779-2642
"Dog, bush",FR,Stearn Manus,smanusai@google.co.uk,641-127-8194
"Goose, canada",PH,Cal Congdon,ccongdonaj@t-online.de,536-785-9572
Galapagos sea lion,CN,Mariejeanne Dunstone,mdunstoneak@cbslocal.com,437-319-8004
Asiatic jackal,ME,Giralda Ivermee,givermeeal@hud.gov,801-435-5087
"Turtle, long-necked",CN,Martyn Ondrak,mondrakam@java.com,291-319-4623
"Jackal, asiatic",IE,Ludovika Trigwell,ltrigwellan@epa.gov,996-366-5590
Saddle-billed stork,FR,Sebastien Cullabine,scullabineao@qq.com,601-485-5242
"Bleu, red-cheeked cordon",PK,Tine Spaldin,tspaldinap@umich.edu,910-791-0879
"Skink, blue-tongued",US,Dorey Dunklee,ddunkleeaq@noaa.gov,619-308-4658
"Partridge, coqui",PK,Maisey Lander,mlanderar@unblog.fr,898-524-3898
Crested screamer,MA,Honor Ferre,hferreas@rediff.com,276-996-8725
Common mynah,ES,Edlin Pedder,epedderat@npr.org,594-562-0030
"Boa, cook's tree",SV,Pedro Rubinfajn,prubinfajnau@springer.com,273-942-6368
Two-banded monitor,CN,Der Westpfel,dwestpfelav@dell.com,992-690-3954
"Vulture, black",JP,Avrom Broxis,abroxisaw@themeforest.net,669-544-0241
Black-tailed prairie dog,NG,Gorden Struis,gstruisax@sourceforge.net,371-787-6562
"Wombat, common",CN,Bertie Schermick,bschermickay@taobao.com,370-113-7898
Black-eyed bulbul,FR,Amalia Balaam,abalaamaz@angelfire.com,381-988-9301
"Lion, steller sea",MX,Danni Asling,daslingb0@domainmarket.com,760-355-1437
Mocking cliffchat,AR,Melinde Easterfield,measterfieldb1@slashdot.org,711-934-6275
Lilac-breasted roller,SY,Doralin Dunbobin,ddunbobinb2@cnet.com,359-605-2049
"Flamingo, greater",PH,Chet Tinwell,ctinwellb3@upenn.edu,580-655-3448
South American sea lion,BF,Carry Shave,cshaveb4@toplist.cz,241-704-3119
Black-capped capuchin,PT,Willey Brailey,wbraileyb5@netvibes.com,672-217-3927
"Grenadier, common",TJ,Amabelle Bortolazzi,abortolazzib6@t.co,508-702-1981
"Bear, sloth",PL,Hayes Jikovsky,hjikovskyb7@ucoz.ru,425-606-4323
King vulture,CM,Morna Pleasaunce,mpleasaunceb8@zdnet.com,192-767-4272
"Porcupine, african",UG,Alessandro Welds,aweldsb9@cbsnews.com,449-693-3617
Black-necked stork,CN,Fritz Millions,fmillionsba@odnoklassniki.ru,530-438-2695
White-browed owl,CO,Mord Mea,mmeabb@wix.com,707-465-9926
Saddle-billed stork,JP,Suzanna Snowsill,ssnowsillbc@instagram.com,874-535-6346
"Kingfisher, pied",ME,Chelsey Cull,ccullbd@nba.com,901-705-1610
"Bear, polar",CN,Godwin Keme,gkemebe@cargocollective.com,763-863-2913
White spoonbill,LA,Karly Melchior,kmelchiorbf@google.cn,566-781-3624
Suricate,PH,Stevy MacCombe,smaccombebg@comsenz.com,925-209-7446
Butterfly (unidentified),CN,Pen Sweeting,psweetingbh@diigo.com,473-807-3302
"Oryx, beisa",ID,Maurits January,mjanuarybi@over-blog.com,114-958-7781
"Vulture, egyptian",GR,Whitney Kohnemann,wkohnemannbj@google.ru,783-468-4701
Yellow-headed caracara,AR,Myrvyn Hadden,mhaddenbk@pcworld.com,730-461-2056
"Grenadier, common",JP,Emlyn Gegg,egeggbl@g.co,583-428-4930
"Crane, sandhill",CN,Mariel Dorricott,mdorricottbm@usnews.com,177-201-4104
Long-tailed jaeger,BS,Barclay Sibbald,bsibbaldbn@psu.edu,786-436-0631
"Lion, mountain",MX,Mady Carlens,mcarlensbo@census.gov,611-837-8165
Ringtail cat,ID,Adah Fayerbrother,afayerbrotherbp@yellowbook.com,474-913-1206
"Plover, blacksmith",HN,Ursuline Bannester,ubannesterbq@dedecms.com,934-850-5496
Sidewinder,JP,Corey Hamlet,chamletbr@shutterfly.com,920-596-1486
"Sheep, stone",CN,Bernadette Keith,bkeithbs@google.co.uk,913-213-5426
Clark's nutcracker,BY,Magdalen Cunnah,mcunnahbt@mit.edu,963-403-7869
Smith's bush squirrel,CZ,Kaspar MacLeod,kmacleodbu@godaddy.com,859-375-7466
"Rhinoceros, square-lipped",CN,Flynn Dovey,fdoveybv@goo.ne.jp,242-526-6301
Black-throated butcher bird,MN,Sherri Arstall,sarstallbw@t.co,916-234-8922
"Tortoise, indian star",NL,Mona Purkins,mpurkinsbx@google.es,842-250-5044
Cape fox,MA,Bride Pockey,bpockeyby@miibeian.gov.cn,254-664-7984
"Hawk, galapagos",PT,Austine Jagielski,ajagielskibz@w3.org,340-640-9645
Long-tailed jaeger,PE,Saxon Spawell,sspawellc0@wikipedia.org,332-164-1160
Prairie falcon,RU,Harman Jaskiewicz,hjaskiewiczc1@webmd.com,637-117-7970
"Butterfly, tropical buckeye",CZ,Brade Penelli,bpenellic2@xinhuanet.com,590-681-8138
"Wildebeest, blue",PH,Dorthea Attridge,dattridgec3@about.com,669-910-3940
"Tern, white-winged black",CN,Coleen Georgins,cgeorginsc4@ftc.gov,457-508-6533
Asiatic jackal,JP,Nichole Kedie,nkediec5@microsoft.com,528-166-7377
"Bear, grizzly",CN,Lon Ourry,lourryc6@marketwatch.com,230-184-1467
Red lava crab,ID,Godfree Grebbin,ggrebbinc7@etsy.com,589-170-8366
"Tinamou, elegant crested",YE,Craggie Bingell,cbingellc8@chicagotribune.com,802-156-6539
Suricate,PH,Myles Mea,mmeac9@newyorker.com,642-412-0601
Southern hairy-nosed wombat,ET,Felizio Clipsham,fclipshamca@washington.edu,258-884-8790
American bison,PL,Oren Bacher,obachercb@unicef.org,258-509-2076
Squirrel glider,NG,Lionel Cutill,lcutillcc@bloglovin.com,764-655-2260
Black-backed jackal,RU,Maria Duley,mduleycd@comsenz.com,523-681-5324
Harbor seal,CN,Nichols Gillbanks,ngillbanksce@si.edu,479-482-2524
Grey heron,CN,Donovan McCaster,dmccastercf@howstuffworks.com,638-600-8075
"Jackal, asiatic",PK,Lowrance Coolican,lcoolicancg@vinaora.com,227-911-5752
Tree porcupine,ID,Reggy Deam,rdeamch@answers.com,442-616-0541
Roseat flamingo,PH,Bayard McVanamy,bmcvanamyci@yale.edu,294-354-6503
Asian water dragon,CA,Randa Elnaugh,relnaughcj@bbc.co.uk,762-498-2123
Flying fox (unidentified),PH,Ferguson De la Eglise,fdeck@adobe.com,602-428-4548
"Legaan, ground",MQ,Concordia Schott,cschottcl@huffingtonpost.com,254-982-1996
"Skink, blue-tongued",VE,Gabi Brigg,gbriggcm@go.com,942-933-2868
Horned rattlesnake,PT,Oswell Blackden,oblackdencn@i2i.jp,747-301-5429
Netted rock dragon,CO,Lorita Burgess,lburgessco@fda.gov,506-601-5464
Llama,CN,Buddie Kinson,bkinsoncp@fc2.com,223-716-3966
Eurasian badger,TN,Dannie Stockley,dstockleycq@oracle.com,741-616-3281
Common duiker,CL,Merle Estcourt,mestcourtcr@imdb.com,908-906-7703
Black-capped capuchin,CN,Howie Astell,hastellcs@cornell.edu,597-681-4688
"Heron, grey",FR,Raymond Ongin,ronginct@craigslist.org,894-971-8245
Cheetah,CN,Nikolia Eilles,neillescu@hc360.com,757-457-3646
"Dragon, asian water",FR,Ryley MacShane,rmacshanecv@digg.com,311-605-4630
"Heron, goliath",FR,Delaney Bignal,dbignalcw@cocolog-nifty.com,880-279-8041
Common dolphin,PH,Bibby Oldridge,boldridgecx@so-net.ne.jp,154-374-6198
"Squirrel, nelson ground",CA,Marylou Scarfe,mscarfecy@newyorker.com,869-507-3382
Weeper capuchin,SE,Lloyd Henstone,lhenstonecz@soup.io,669-790-7866
"Jackal, indian",CN,Kinsley Prosser,kprosserd0@walmart.com,716-527-4381
Timber wolf,PK,Kalli Streeting,kstreetingd1@posterous.com,896-234-3729
Bonnet macaque,IE,Maurie Couvert,mcouvertd2@smh.com.au,937-993-4945
Gray duiker,CN,Ethelind McAlees,emcaleesd3@yahoo.co.jp,667-451-3513
"Tarantula, salmon pink bird eater",TM,Ashlin Chatteris,achatterisd4@reuters.com,369-393-3127
"Pintail, bahama",CZ,Krystle Sabates,ksabatesd5@ca.gov,296-596-1125
Crimson-breasted shrike,LA,Gasper Phuprate,gphuprated6@bizjournals.com,151-941-4408
"Armadillo, seven-banded",BA,Alfonso Kermit,akermitd7@hud.gov,495-506-8007
Kori bustard,MY,Lorant Bielfeld,lbielfeldd8@example.com,365-390-0041
Blue waxbill,CN,Frants Carlisi,fcarlisid9@constantcontact.com,281-259-3533
Scarlet macaw,CN,Freddie Zute,fzuteda@mtv.com,736-846-7339
Common rhea,CU,Gilemette Bunton,gbuntondb@columbia.edu,599-533-8722
American alligator,PL,Delila Calendar,dcalendardc@biblegateway.com,413-382-5052
Nilgai,TH,Fielding Keeting,fkeetingdd@cnbc.com,936-516-7392
"Starling, cape",AR,Reade Trowell,rtrowellde@scientificamerican.com,173-369-3931
Komodo dragon,CN,Ronny McGaughie,rmcgaughiedf@list-manage.com,260-277-7868
Sambar,VE,Butch Grinnikov,bgrinnikovdg@vimeo.com,849-479-7399
"Tenrec, tailless",CZ,Darrell Sandom,dsandomdh@slate.com,315-338-0963
African clawless otter,PL,Lishe Yitzovicz,lyitzoviczdi@photobucket.com,613-309-0282
Cuis,ID,Theresita Gillion,tgilliondj@ca.gov,927-305-5392
"Bee-eater, nubian",ID,Terence Henriksson,thenrikssondk@homestead.com,748-131-4755
"Legaan, ground",ID,Kaiser Sponder,ksponderdl@ebay.co.uk,496-240-7229
Cape Barren goose,ID,Skelly Fossey,sfosseydm@bizjournals.com,145-996-4827
"Snake, green vine",FR,Gay Willshire,gwillshiredn@google.ru,479-255-6542
"Peacock, indian",ID,Melodie Seppey,mseppeydo@java.com,145-234-1287
Western patch-nosed snake,SE,Hetty Wheldon,hwheldondp@mail.ru,976-793-5246
"Tortoise, asian foreset",PL,Nels Scruton,nscrutondq@amazon.com,266-246-3983
"Wolf, mexican",DO,Shadow Buckthorp,sbuckthorpdr@archive.org,264-770-3592
South African hedgehog,SE,Kev Evans,kevansds@cornell.edu,850-702-6616
Small-clawed otter,PT,Isadore Atlay,iatlaydt@telegraph.co.uk,544-486-8998
Large cormorant,IT,Malina Gasparro,mgasparrodu@vinaora.com,565-973-8289
"Seal, northern elephant",UY,Velvet Innett,vinnettdv@washingtonpost.com,267-733-3001
"Cardinal, red-capped",ID,Sheilah Strongman,sstrongmandw@pagesperso-orange.fr,968-555-9380
"Spurfowl, yellow-necked",EG,Willie Tidy,wtidydx@vimeo.com,212-562-9049
Monitor lizard (unidentified),CN,Minna Asling,maslingdy@examiner.com,653-273-3071
"Shelduck, common",CN,Jackquelin Franschini,jfranschinidz@xrea.com,303-498-6712
Snowy sheathbill,MK,Theobald Stiles,tstilese0@tuttocitta.it,686-452-0220
"Coatimundi, ring-tailed",PT,Benjie Stacey,bstaceye1@umich.edu,563-310-3165
"Mockingbird, galapagos",CO,Saidee Middlemass,smiddlemasse2@globo.com,172-840-9095
"Iguana, land",CN,Codee Costard,ccostarde3@google.co.jp,210-239-4243
Indian mynah,FI,Garald Hansell,ghanselle4@shutterfly.com,503-115-4483
"Lemming, collared",ID,Almeda Dirand,adirande5@amazonaws.com,540-219-9472
Bent-toed gecko,AR,Gabbi Donativo,gdonativoe6@fc2.com,900-353-8072
American beaver,LK,Konstantin Broadbent,kbroadbente7@oracle.com,151-623-5790
"Stork, yellow-billed",CN,Kenton Buncher,kbunchere8@stanford.edu,246-397-6397
Blue-footed booby,PE,Leona McTurk,lmcturke9@japanpost.jp,682-981-6073
"Spoonbill, white",CN,Humberto Gotts,hgottsea@deviantart.com,903-538-7371
Rose-ringed parakeet,AF,Marylee Divis,mdiviseb@cpanel.net,607-437-8814
"Sloth, pale-throated three-toed",MN,Lorelle Collen,lcollenec@sogou.com,164-672-8007
Brolga crane,CO,Friederike Offiler,foffilered@slideshare.net,647-248-1798
"Capuchin, black-capped",ID,Renate Ambrosio,rambrosioee@netvibes.com,866-360-3930
"Alligator, mississippi",PT,Hubey Tesyro,htesyroef@furl.net,101-436-1254
South American meadowlark (unidentified),RU,Nicolis Forsaith,nforsaitheg@alexa.com,841-603-9796
"Monitor, white-throated",NP,Zandra Sara,zsaraeh@spiegel.de,844-368-5607
Stone sheep,HN,Lev Goodliff,lgoodliffei@arizona.edu,799-555-7173
"Dolphin, common",PL,Stacy Gamlen,sgamlenej@pagesperso-orange.fr,353-226-6746
Eurasian badger,IE,Harald Hedon,hhedonek@imdb.com,657-849-5087
"Wombat, southern hairy-nosed",US,Danny Sedgemore,dsedgemoreel@hhs.gov,419-773-8714
Agouti,PL,Hector Ellens,hellensem@nyu.edu,665-793-5284
Ring-necked pheasant,JP,Daniele Kunzler,dkunzleren@mozilla.com,213-194-4166
Horned rattlesnake,JP,Melantha Britner,mbritnereo@jiathis.com,145-765-3189
Black-backed jackal,IE,Corty Ellery,celleryep@ovh.net,289-733-3941
White-necked stork,GR,Desirae Stobbs,dstobbseq@si.edu,922-945-5101
Common zebra,FR,Patrizio Scintsbury,pscintsburyer@sciencedaily.com,457-212-6915
"Monitor, water",PT,Holmes Shedden,hsheddenes@telegraph.co.uk,248-893-0551
"Legaan, Monitor (unidentified)",LT,Lucine St Louis,lstet@prweb.com,375-805-0358
"Heron, boat-billed",CN,Edna Bockman,ebockmaneu@wsj.com,414-677-4122
Oriental short-clawed otter,FR,Noel Link,nlinkev@hubpages.com,234-234-9537
Common zorro,ID,Ginger Pittman,gpittmanew@hubpages.com,342-604-2408
"Flycatcher, tyrant",CN,Colan Colaton,ccolatonex@yellowpages.com,321-246-7341
Southern ground hornbill,CA,Jeanine Rabley,jrableyey@wisc.edu,825-920-0714
"Rat, desert kangaroo",SD,Jarrett Dulson,jdulsonez@google.fr,144-405-8094
"Echidna, short-beaked",MY,Bret Ashbrook,bashbrookf0@weibo.com,732-839-7556
"Wolf, common",SE,Gene Desesquelle,gdesesquellef1@loc.gov,265-320-9876
"Blackbird, red-winged",IL,Norbie Donohoe,ndonohoef2@si.edu,122-648-3228
"Tern, arctic",MM,Sonja Najara,snajaraf3@ted.com,932-533-9096
"Catfish, blue",FR,Mirella Walenta,mwalentaf4@spiegel.de,245-645-3015
"Flamingo, roseat",CN,Petr Parkisson,pparkissonf5@usa.gov,618-204-9354
"Polecat, african",PL,Lacee Aherne,lahernef6@icq.com,170-342-2486
Dassie,VN,Bing Peert,bpeertf7@technorati.com,503-704-5665
"Grouse, sage",SE,Chrisy Copnar,ccopnarf8@163.com,721-111-1460
White-cheeked pintail,IQ,Esta Spruce,esprucef9@seesaa.net,874-997-8490
"Goldeneye, common",CA,Stern Izacenko,sizacenkofa@chronoengine.com,524-582-5579
"Fowl, helmeted guinea",ID,Albie Tewelson,atewelsonfb@godaddy.com,163-451-9705
American alligator,AR,Quint Chatenet,qchatenetfc@canalblog.com,718-914-7707
Western bearded dragon,PL,Klemens Mocher,kmocherfd@about.me,197-346-6886
"Whale, southern right",US,Nahum Cockayne,ncockaynefe@ibm.com,734-629-4769
"Cobra, egyptian",CN,Arvin Poltone,apoltoneff@smugmug.com,761-446-4197
Small Indian mongoose,CN,Desmund Teml,dtemlfg@tinyurl.com,879-830-2143
"Raccoon, common",RU,Panchito Roscrigg,proscriggfh@blogspot.com,183-412-7976
Eastern white pelican,JM,Rhiamon Ladloe,rladloefi@amazonaws.com,194-299-2358
"Flicker, campo",FR,Therese Searight,tsearightfj@engadget.com,368-327-1789
White-browed sparrow weaver,GR,Marabel Doggerell,mdoggerellfk@buzzfeed.com,717-462-8949
Giant otter,FR,Penelopa Gerge,pgergefl@ebay.com,634-516-8316
Blue and yellow macaw,CN,Gertrudis Waplington,gwaplingtonfm@chronoengine.com,561-936-4506
"Plover, blacksmith",ID,Melba Northridge,mnorthridgefn@examiner.com,377-396-5274
Oriental white-backed vulture,CN,Myrvyn Humpage,mhumpagefo@odnoklassniki.ru,796-362-7719
"Devil, tasmanian",FR,Hewett Lebarree,hlebarreefp@desdev.cn,833-675-6612
"Pelican, great white",DO,Dee dee Pinilla,ddeefq@blogtalkradio.com,202-812-8375
"Bustard, kori",ID,Pen Castelletti,pcastellettifr@princeton.edu,906-754-0885
"Hen, sage",MX,Joseph Meddings,jmeddingsfs@arizona.edu,942-237-9700
"Bee-eater, carmine",KZ,Serene Hambidge,shambidgeft@cocolog-nifty.com,946-140-0138
"Cliffchat, mocking",PT,Iormina Jersh,ijershfu@sphinn.com,664-991-8844
White spoonbill,AO,Vinny Yeomans,vyeomansfv@bing.com,489-124-0555
Common green iguana,NP,Mercy Rodolfi,mrodolfifw@chronoengine.com,526-430-8015
"Dragon, western bearded",PE,Ximenez Tyrone,xtyronefx@cmu.edu,915-751-6705
Flightless cormorant,PL,Keeley Witheford,kwithefordfy@ezinearticles.com,911-624-5784
Vicuna,CN,Skipp Artindale,sartindalefz@elpais.com,180-875-1014
"Sparrow, rufous-collared",JP,Hervey Yarrell,hyarrellg0@archive.org,880-362-7378
Common pheasant,CN,Arney Kerbler,akerblerg1@who.int,744-581-6098
Red-billed hornbill,US,Gill Broune,gbrouneg2@marriott.com,702-241-0872
Tawny eagle,CN,Dina Hadwick,dhadwickg3@taobao.com,805-499-5470
Sulfur-crested cockatoo,BR,Erny Keesman,ekeesmang4@gnu.org,311-860-4441
"Boa, malagasy ground",BY,Andie Tunnow,atunnowg5@topsy.com,794-353-6619
Sportive lemur,JO,Erroll Conville,econvilleg6@hao123.com,582-475-3764
Curve-billed thrasher,CN,Alaine O'Hern,aoherng7@cisco.com,229-371-4163
"Brocket, red",MX,Kesley Grogan,kgrogang8@skyrock.com,891-448-3868
"Badger, european",CN,Pauletta Copins,pcopinsg9@house.gov,330-695-1060
"Grenadier, common",SV,Ardelle Standeven,astandevenga@tripod.com,874-661-3910
"Pintail, bahama",CN,Nealy Pengelly,npengellygb@huffingtonpost.com,719-965-3653
"Porcupine, prehensile-tailed",MM,Tootsie Valero,tvalerogc@bandcamp.com,824-200-2613
Red sheep,BQ,Ruperto Bridle,rbridlegd@arstechnica.com,972-288-9622
Civet (unidentified),ID,Sheba Alleburton,salleburtonge@miitbeian.gov.cn,985-161-2106
Asian red fox,BR,Johnathon Kirtlan,jkirtlangf@amazonaws.com,189-590-3572
Crimson-breasted shrike,ID,Ray Longson,rlongsongg@altervista.org,382-778-4277
Desert spiny lizard,JP,Ringo Mourton,rmourtongh@ifeng.com,226-391-6293
Woolly-necked stork,BR,Camala Sweynson,csweynsongi@ft.com,994-238-9543
Indian porcupine,AZ,Fancy Rollo,frollogj@cbslocal.com,291-591-7542
Black-tailed deer,DJ,Vilhelmina Kelsow,vkelsowgk@skyrock.com,941-302-6432
"Sheep, red",CA,Pansie Challin,pchallingl@lulu.com,139-100-6187
Dusky gull,GT,Angy Van Hesteren,avangm@statcounter.com,139-291-5262
"Stork, jabiru",CA,Marsh Alvarado,malvaradogn@nasa.gov,614-203-7997
Laughing dove,RU,Agnese Sueter,asuetergo@vk.com,554-573-5784
Tropical buckeye butterfly,US,Toddy Poxson,tpoxsongp@reuters.com,407-524-5676
"Dunnart, fat-tailed",TH,Lucias Minucci,lminuccigq@comcast.net,904-625-4832
"Bandicoot, long-nosed",FR,Sheffy McGeorge,smcgeorgegr@paginegialle.it,287-641-6664
Black-throated butcher bird,ID,Alexandros Welds,aweldsgs@utexas.edu,474-970-2118
"Duiker, gray",RU,Brynna MacInherney,bmacinherneygt@typepad.com,617-981-6414
Black-backed magpie,VN,Jody Monnery,jmonnerygu@aol.com,170-486-6896
"Starling, greater blue-eared",GB,Lita Kuna,lkunagv@jalbum.net,775-278-5355
Three-banded plover,PH,Allianora Blowfield,ablowfieldgw@usda.gov,473-245-1137
"Bulbul, african red-eyed",MT,Obie Lilleycrop,olilleycropgx@webs.com,949-534-6681
"Lion, south american sea",CN,Paulie Pohls,ppohlsgy@sogou.com,229-846-5663
Grey-footed squirrel,CN,Emelina Rentilll,erentilllgz@gnu.org,683-812-2774
"Otter, brazilian",CO,Hy Rosingdall,hrosingdallh0@tumblr.com,130-880-0355
Water legaan,CN,Georas Schutze,gschutzeh1@woothemes.com,835-699-6558
"Meerkat, red",ID,Gene Wheal,gwhealh2@cornell.edu,845-671-7955
Golden eagle,AR,Clio Pittoli,cpittolih3@sogou.com,520-922-2873
Small Indian mongoose,PL,Lindi Mayes,lmayesh4@ovh.net,991-939-2737
"Wallaby, whip-tailed",CN,Misty Faltin,mfaltinh5@salon.com,644-257-2861
Red-winged blackbird,CN,Cate Stigger,cstiggerh6@so-net.ne.jp,954-851-3121
Peregrine falcon,AM,Dale Everleigh,deverleighh7@mtv.com,287-249-4616
Common boubou shrike,UA,Annette Courteney,acourteneyh8@merriam-webster.com,669-602-7897
"Woodcock, american",CN,Lucie Dimmne,ldimmneh9@friendfeed.com,404-514-2649
Oribi,CN,Marc Felipe,mfelipeha@discovery.com,173-143-3956
"Seal, harbor",CU,Devin Pelcheur,dpelcheurhb@intel.com,804-805-4304
Tayra,CN,Shanon Stansby,sstansbyhc@163.com,927-767-0662
Urial,JP,Harlan Vanstone,hvanstonehd@over-blog.com,174-858-3192
Rufous-collared sparrow,TH,Edsel McTiernan,emctiernanhe@123-reg.co.uk,612-140-4113
"Seal, southern elephant",LC,Denys Oseman,dosemanhf@home.pl,565-468-8507
Topi,MN,Juditha Posnette,jposnettehg@time.com,447-690-0690
"Flamingo, lesser",AF,Garrik Collymore,gcollymorehh@examiner.com,412-566-5384
South African hedgehog,CN,Efrem Claughton,eclaughtonhi@aol.com,671-546-3714
Swainson's francolin,RU,Joye Dubery,jduberyhj@artisteer.com,446-944-6099
Tarantula,CN,Ham Birdseye,hbirdseyehk@desdev.cn,512-581-2577
Springhare,BR,Boyce Zaniolo,bzaniolohl@sciencedirect.com,150-507-9076
Levaillant's barbet,RS,Jesselyn Cornick,jcornickhm@google.ru,573-724-9996
Cape fox,CN,Alida Niesegen,aniesegenhn@imageshack.us,965-808-9354
Carpet snake,ID,Gena Dewdeny,gdewdenyho@apple.com,961-482-1232
"Lion, california sea",CN,Alvina Ind,aindhp@alexa.com,456-874-3857
"Weaver, sociable",RU,Toby Van der Velde,tvanhq@wisc.edu,657-629-0065
Honey badger,PT,Klara MacLennan,kmaclennanhr@geocities.com,759-203-6949
"Catfish, blue",PL,Chantalle Drance,cdrancehs@example.com,452-216-9757
Field flicker,RU,Ermina Rapper,erapperht@slate.com,719-706-5778
"Kingfisher, pied",PH,Paulie Whyatt,pwhyatthu@ox.ac.uk,975-770-9216
Arctic hare,PH,Meagan Cowlam,mcowlamhv@va.gov,273-697-5325
Brindled gnu,PL,Emmet Wardrope,ewardropehw@rediff.com,376-109-2196
European shelduck,CU,Vera Sooley,vsooleyhx@answers.com,331-586-8909
Paradoxure,HN,Kassie Woollam,kwoollamhy@1688.com,506-156-3773
Short-nosed bandicoot,UZ,Gena Lamerton,glamertonhz@tinyurl.com,405-553-2397
Mudskipper (unidentified),CN,Philipa Regorz,pregorzi0@techcrunch.com,515-966-2125
Vine snake (unidentified),CN,Daphna Cleverly,dcleverlyi1@cpanel.net,259-497-9533
Neotropic cormorant,BY,Orton Mattedi,omattedii2@woothemes.com,796-341-1884
Yellow-brown sungazer,PE,Alissa Sidebotton,asidebottoni3@auda.org.au,507-471-2902
Peregrine falcon,PA,Cristine Hasselby,chasselbyi4@vimeo.com,931-557-2706
North American red fox,EG,Dosi Pfiffer,dpfifferi5@reverbnation.com,521-372-1931
"Skimmer, four-spotted",CN,Luelle Chilcotte,lchilcottei6@comsenz.com,855-429-8135
Ferruginous hawk,UA,Sheppard MacKnocker,smacknockeri7@cbc.ca,773-251-6655
"Dog, raccoon",ID,Rube Sowter,rsowteri8@hubpages.com,793-405-4986
"Fox, north american red",PH,Lenette Mallabar,lmallabari9@hugedomains.com,393-492-8584
"Lion, california sea",CN,Carolynn Cobbledick,ccobbledickia@spiegel.de,505-686-2566
"Pigeon, wood",CZ,Milton Barns,mbarnsib@domainmarket.com,148-391-0261
"Heron, giant",TH,Claretta Ballister,cballisteric@abc.net.au,737-988-9283
Neotropic cormorant,PH,Martina Menico,mmenicoid@phoca.cz,136-144-8582
"Vulture, oriental white-backed",RU,Emalia Bockler,ebocklerie@japanpost.jp,933-671-7491
"Dragon, western bearded",PH,Vinni Cockerell,vcockerellif@jigsy.com,843-662-2471
"Wambenger, red-tailed",CN,Boot Latore,blatoreig@e-recht24.de,706-284-9026
Thirteen-lined squirrel,FR,Beverlee Dreger,bdregerih@vimeo.com,368-931-9605
Little cormorant,PH,Rafaellle Shilvock,rshilvockii@usnews.com,766-247-2824
Agouti,ID,Shanna Simms,ssimmsij@wikia.com,948-610-9550
Pocket gopher (unidentified),ID,Marris Mitchely,mmitchelyik@chron.com,254-432-4600
Sambar,BR,Howey Fawbert,hfawbertil@cam.ac.uk,855-329-7148
"Skua, long-tailed",ID,Dora Honisch,dhonischim@imageshack.us,527-599-7869
Indian star tortoise,CN,Portie Kimbley,pkimbleyin@msu.edu,153-893-7784
Buttermilk snake,CN,Rochelle Rein,rreinio@cloudflare.com,617-251-1452
"Weaver, lesser masked",ZA,Margaretta Seivertsen,mseivertsenip@privacy.gov.au,881-542-2860
American woodcock,ID,Clint Daldan,cdaldaniq@simplemachines.org,229-562-2848
"Rhinoceros, white",ID,Winnie Fruchter,wfruchterir@simplemachines.org,864-450-2252
Cape Barren goose,CN,Cullen McCurrie,cmccurrieis@furl.net,439-918-9151
American bighorn sheep,BR,Gunilla Juszkiewicz,gjuszkiewiczit@qq.com,792-490-9015
Grison,ID,Adina Escalera,aescaleraiu@cdbaby.com,710-401-7767
Frilled dragon,CZ,Etheline Dicks,edicksiv@prweb.com,645-454-9322
"Rat, white-faced tree",BR,Brande Harmston,bharmstoniw@google.com,300-102-4291
Red sheep,ID,Romy Searle,rsearleix@yolasite.com,483-443-3822
Topi,PL,Kailey Paulich,kpaulichiy@gizmodo.com,987-816-8507
"Vulture, griffon",GN,Emlynne Antunez,eantuneziz@fc2.com,927-750-9415
Dusky rattlesnake,ID,Janeva Richardet,jrichardetj0@zdnet.com,341-616-2530
White-throated monitor,CN,Davidson Hammerson,dhammersonj1@purevolume.com,277-816-3599
"Buffalo, asian water",ID,Barclay Rosewall,brosewallj2@omniture.com,972-107-3147
"Bat, madagascar fruit",RS,Dannye Jouannot,djouannotj3@cocolog-nifty.com,456-323-2260
"Booby, blue-footed",RU,Morissa Cordova,mcordovaj4@theglobeandmail.com,876-279-9907
Tree porcupine,SC,Erminie Cocci,ecoccij5@mtv.com,524-892-8271
Crowned hawk-eagle,GD,Tanney Friberg,tfribergj6@sourceforge.net,181-588-5815
Rock dove,PH,Ximenez Byford,xbyfordj7@latimes.com,162-381-6406
Little brown dove,RU,Garrick McLorinan,gmclorinanj8@google.com.hk,687-573-5050
Woodrat (unidentified),IE,Tracey Georgel,tgeorgelj9@washington.edu,226-381-8306
"Barbet, black-collared",RU,Isaac Thorius,ithoriusja@instagram.com,681-508-5076
"Monkey, red howler",CN,Sheeree Calvard,scalvardjb@homestead.com,535-564-9056
Killer whale,AZ,Cleo Bruhnsen,cbruhnsenjc@wikispaces.com,765-236-1371
"Armadillo, nine-banded",PL,Marguerite Macartney,mmacartneyjd@soup.io,157-106-7487
Australian sea lion,CN,Niall Dowtry,ndowtryje@umn.edu,488-384-2555
"Monkey, black spider",BY,Elianora Flippini,eflippinijf@people.com.cn,996-611-4391
Pale white-eye,EG,Avery Brunner,abrunnerjg@ning.com,667-130-7339
"Heron, green",MA,Allianora Oakenfield,aoakenfieldjh@fotki.com,787-103-1201
Swainson's francolin,CN,Barret Clutterbuck,bclutterbuckji@statcounter.com,295-780-6569
Andean goose,JP,Fairfax Gristock,fgristockjj@shop-pro.jp,996-127-9972
"Robin, kalahari scrub",AM,Hamel Haggerwood,hhaggerwoodjk@so-net.ne.jp,941-881-3639
"Goldeneye, barrows",CN,Nadine Darbon,ndarbonjl@tamu.edu,677-893-0630
White-faced tree rat,RU,Giselle Cowlin,gcowlinjm@reddit.com,101-628-9671
Burmese brown mountain tortoise,PE,Mitch Donalson,mdonalsonjn@skyrock.com,231-724-1888
"Legaan, water",PT,Fielding Peevor,fpeevorjo@jalbum.net,483-991-8469
"Hoopoe, eurasian",BR,Martino Okker,mokkerjp@adobe.com,333-676-2653
Kori bustard,GT,Greggory Fleetham,gfleethamjq@oakley.com,911-990-1431
"Macaw, scarlet",CM,Redford Macek,rmacekjr@infoseek.co.jp,453-285-7959
Brown hyena,RU,Neysa Mallatratt,nmallatrattjs@tumblr.com,687-476-1883
Clark's nutcracker,CN,Wilmar Probyn,wprobynjt@multiply.com,507-227-7991
"Elk, Wapiti",JP,Loutitia Peckham,lpeckhamju@amazon.de,186-710-1050
"Woodpecker, downy",NO,Stanton Karys,skarysjv@ezinearticles.com,677-462-9249
"Goldeneye, barrows",AR,Cordy Grunson,cgrunsonjw@livejournal.com,778-570-9070
European shelduck,PL,Angelica Coggles,acogglesjx@bbb.org,307-286-3929
"Heron, green",AR,Donnie Kiddy,dkiddyjy@theglobeandmail.com,858-348-0700
"Monitor, water",PT,Silas Ashwood,sashwoodjz@bloomberg.com,102-844-6024
Red-headed woodpecker,BR,Cointon Pawelec,cpaweleck0@hao123.com,317-128-3372
Yellow-headed caracara,US,Trudie Ferryn,tferrynk1@acquirethisname.com,512-890-9124
"Lizard, collared",IE,Sindee Bendixen,sbendixenk2@cbc.ca,387-716-8495
White-faced tree rat,SE,Ranna Loch,rlochk3@scientificamerican.com,186-860-2442
Trumpeter swan,CN,Cad Benck,cbenckk4@sphinn.com,670-559-2848
"Lorikeet, scaly-breasted",UA,Alfy Force,aforcek5@telegraph.co.uk,977-492-9939
Scarlet macaw,SE,Inga Bratley,ibratleyk6@yellowbook.com,954-533-1493
"Lory, rainbow",UA,Daveta Bacop,dbacopk7@macromedia.com,818-507-1936
"Crane, wattled",CN,Pauline Saben,psabenk8@nyu.edu,735-676-2091
"Hawk, red-tailed",UG,Adele Ciciura,aciciurak9@shutterfly.com,905-233-7313
Great white pelican,RU,Candace Mc Grath,cmcka@howstuffworks.com,524-431-4493
Grizzly bear,BF,Jed Billsberry,jbillsberrykb@gmpg.org,390-436-3513
"Skink, blue-tongued",CN,Carroll Kinzett,ckinzettkc@domainmarket.com,288-729-6215
Canadian river otter,NG,Alexis Luter,aluterkd@huffingtonpost.com,603-787-8704
Four-spotted skimmer,EH,Lauren Klossmann,lklossmannke@adobe.com,925-172-6586
Red squirrel,CN,Stacia Redmond,sredmondkf@engadget.com,594-456-4305
"Bird, red-billed tropic",AR,Roosevelt Thickpenny,rthickpennykg@wisc.edu,550-241-4643
"Starling, greater blue-eared",SE,Hirsch Beuscher,hbeuscherkh@unc.edu,683-705-6794
"Eagle, african fish",SC,Koral Penkethman,kpenkethmanki@dell.com,522-514-5784
Three-banded plover,PH,Archibold Hastwall,ahastwallkj@statcounter.com,739-685-4815
"Dove, emerald-spotted wood",PL,Roscoe Luker,rlukerkk@github.com,604-708-6524
Crested screamer,RU,Lalo Stote,lstotekl@disqus.com,144-509-5070
King vulture,MA,Tremaine Nowland,tnowlandkm@epa.gov,491-873-3667
Lesser mouse lemur,AL,Edd Bromwich,ebromwichkn@posterous.com,435-746-5023
"Weaver, sociable",CN,Karina Blucher,kblucherko@cafepress.com,226-790-0402
"Dove, little brown",ID,Corry MacScherie,cmacscheriekp@fc2.com,686-159-6075
Ostrich,ID,Igor Allitt,iallittkq@diigo.com,582-968-8742
"Barbet, crested",PT,Mireielle Wardel,mwardelkr@sfgate.com,532-546-9002
Ring-tailed possum,JP,Cirilo McIlwrick,cmcilwrickks@uol.com.br,228-618-7689
"Lizard, frilled",PT,Annora Yoxen,ayoxenkt@sourceforge.net,630-601-1930
Southern screamer,IE,Estrellita Solleme,esollemeku@pen.io,771-282-1412
"Squirrel, eurasian red",FI,Clyve Skitch,cskitchkv@narod.ru,954-277-1331
Common wombat,IE,Lazare Dupoy,ldupoykw@jalbum.net,103-216-6941
Blue and gold macaw,CN,Regan Ginley,rginleykx@lycos.com,374-662-8888
"Iguana, marine",RW,Crystal Kearn,ckearnky@behance.net,716-628-9741
Green vine snake,CN,Gale Gergus,ggerguskz@cpanel.net,906-380-0566
Malagasy ground boa,CN,Lorrie Houlaghan,lhoulaghanl0@cdbaby.com,892-750-7875
Komodo dragon,ID,Rockey Peyzer,rpeyzerl1@simplemachines.org,944-679-7121
Lilac-breasted roller,MX,Fancy Mullender,fmullenderl2@usnews.com,255-142-6988
American marten,CI,Bernita Serrell,bserrelll3@techcrunch.com,458-925-1266
"Dragon, asian water",IL,Gates Jorg,gjorgl4@nba.com,398-426-3346
Pied avocet,JP,Korey Dicty,kdictyl5@marriott.com,497-501-5271
Red-tailed phascogale,RU,Erek Healy,ehealyl6@surveymonkey.com,530-642-2311
Red hartebeest,MY,Ethan Stollmeier,estollmeierl7@illinois.edu,185-609-3589
"Tenrec, tailless",HR,Herby Flucker,hfluckerl8@skyrock.com,235-875-5425
"Legaan, water",CN,Virgil Sterling,vsterlingl9@github.io,629-398-6729
"Nutcracker, clark's",RU,Zedekiah Kinnie,zkinniela@canalblog.com,410-515-6539
Horned puffin,MG,Darryl Logsdail,dlogsdaillb@tripadvisor.com,688-347-3753
"Fox, arctic",ID,Erika Zanioletti,ezaniolettilc@vkontakte.ru,997-744-2218
Richardson's ground squirrel,TH,Carl Clarricoates,cclarricoatesld@feedburner.com,260-275-5643
Ovenbird,PL,Rosette Caps,rcapsle@hatena.ne.jp,961-398-5344
"Boa, columbian rainbow",GR,Selig Di Franceschi,sdilf@i2i.jp,424-200-9081
"Brocket, brown",GM,Darice Krug,dkruglg@purevolume.com,446-631-7005
Yellow-crowned night heron,PT,Broderic Bellay,bbellaylh@wp.com,310-464-1286
"Bandicoot, short-nosed",BR,Goraud Pennicard,gpennicardli@narod.ru,982-872-4144
Weeper capuchin,NP,Lance Stallard,lstallardlj@comcast.net,793-855-1323
Flightless cormorant,RU,Johannah Standidge,jstandidgelk@noaa.gov,743-919-7351
"Dog, african wild",CF,Pietra Cremer,pcremerll@facebook.com,300-326-7897
Savannah deer,ID,Waring Guise,wguiselm@bloglovin.com,438-353-0227
"Weaver, chestnut",AF,Raffarty Gallant,rgallantln@imageshack.us,600-579-8116
Southern ground hornbill,IT,Kimmie Greader,kgreaderlo@i2i.jp,300-961-1561
Spotted wood sandpiper,RU,Friedrich Costain,fcostainlp@craigslist.org,394-810-3938
Two-toed sloth,PH,Rosette Dorsey,rdorseylq@japanpost.jp,817-990-1159
Eurasian red squirrel,FR,Cliff Maffia,cmaffialr@goodreads.com,559-349-6070
Little cormorant,DK,Fonzie Passie,fpassiels@google.com,543-258-3690
"Fox, crab-eating",PT,Carma Bestwick,cbestwicklt@digg.com,663-401-8892
"Kangaroo, western grey",PK,Petronia Rowes,proweslu@cbsnews.com,643-525-5175
Klipspringer,MA,Jerrilyn Antusch,jantuschlv@i2i.jp,244-157-7608
Red-winged hawk (unidentified),CN,Jerad Menelaws,jmenelawslw@abc.net.au,575-301-9077
Yellow-necked spurfowl,CN,Rodolphe Bouzek,rbouzeklx@cloudflare.com,439-282-6856
Pine snake (unidentified),CA,Arly Haddrill,ahaddrillly@tripadvisor.com,970-566-3938
Western grey kangaroo,PH,Dewey Jakubiak,djakubiaklz@about.com,500-520-4331
Common shelduck,RS,Willamina Stoggles,wstogglesm0@ning.com,362-403-6255
African ground squirrel (unidentified),ID,Ellyn Bromfield,ebromfieldm1@phoca.cz,707-743-2666
Common dolphin,BR,Codi Becom,cbecomm2@vkontakte.ru,732-629-9539
"Ferret, black-footed",EG,Doy Aviss,davissm3@acquirethisname.com,480-904-4214
"Otter, brazilian",BG,Mack Whymark,mwhymarkm4@yahoo.com,795-300-8836
Prehensile-tailed porcupine,PL,Sim Breddy,sbreddym5@google.pl,814-653-4803
"Camel, dromedary",VN,George Brunsden,gbrunsdenm6@ed.gov,666-304-3225
Common raccoon,BR,Fiorenze Pentercost,fpentercostm7@newyorker.com,573-848-5920
Rufous tree pie,SI,Marley McOwen,mmcowenm8@i2i.jp,604-776-6686
Oriental short-clawed otter,PH,Richart Torbet,rtorbetm9@histats.com,637-215-8757
Lappet-faced vulture,BR,Francisca Frugier,ffrugierma@blinklist.com,958-741-9469
Springbok,SE,Darrick Forsard,dforsardmb@ihg.com,523-639-6580
Butterfly (unidentified),CN,Arch Frickey,africkeymc@hexun.com,415-817-4262
Crowned eagle,CI,Stefa Renwick,srenwickmd@google.es,201-929-8687
Common palm civet,US,Terry Cockcroft,tcockcroftme@squidoo.com,407-829-6989
Sportive lemur,CN,Gracie Willoughway,gwilloughwaymf@aboutads.info,407-962-1260
Wood pigeon,PT,Lowrance Broe,lbroemg@nbcnews.com,983-886-4979
"Langur, common",NG,Timmy Munn,tmunnmh@newsvine.com,495-830-8029
"Penguin, magellanic",FR,Cody Pogue,cpoguemi@wiley.com,475-817-8169
Common waterbuck,GR,Garreth Batchelar,gbatchelarmj@unesco.org,696-703-0354
Woodchuck,VE,Eileen Ownsworth,eownsworthmk@blogger.com,864-492-7813
Giant anteater,CU,Conny Klimpke,cklimpkeml@t.co,872-905-6827
Land iguana,FR,Gracia Maiklem,gmaiklemmm@forbes.com,988-935-6453
Bateleur eagle,BR,Elka Oliphant,eoliphantmn@joomla.org,837-198-8171
"Penguin, galapagos",RU,Sephira Maberley,smaberleymo@statcounter.com,289-192-0006
"Falcon, peregrine",ID,Justinn Hallybone,jhallybonemp@imageshack.us,829-605-9639
"Sandgrouse, yellow-throated",ID,Rowland Kinnane,rkinnanemq@vistaprint.com,267-536-2859
Numbat,CN,Matilda Brameld,mbrameldmr@shareasale.com,421-970-0321
"Goose, greylag",UG,Eduardo Kleinmintz,ekleinmintzms@ted.com,580-907-9545
"Jackrabbit, white-tailed",RU,Buddy MacTerrelly,bmacterrellymt@amazon.co.uk,685-104-5250
"Monitor, white-throated",TJ,Brandtr Dell 'Orto,bdellmu@icio.us,679-834-1431
Yellow mongoose,CN,Leanna Bonifazio,lbonifaziomv@netscape.com,324-688-1217
"Roadrunner, greater",CN,Killie Reddecliffe,kreddecliffemw@archive.org,492-911-8171
Red-tailed wambenger,SE,Kristan Lippiello,klippiellomx@apache.org,540-386-2342
Toddy cat,MG,Rafa Pendock,rpendockmy@scribd.com,149-858-2478
Eagle owl (unidentified),GR,Judith Oxenden,joxendenmz@gizmodo.com,135-600-1097
"Gazelle, thomson's",RU,Alfonse Orritt,aorrittn0@apple.com,480-990-9007
"Eagle, crowned",CO,Windy Mougenel,wmougeneln1@walmart.com,647-998-6938
"Beaver, north american",HR,Philomena Lannon,plannonn2@bloglovin.com,743-319-0160
Crimson-breasted shrike,RU,Arney O'Mailey,aomaileyn3@kickstarter.com,496-852-7910
Western bearded dragon,PH,Kristal Jelf,kjelfn4@ihg.com,885-528-5688
Eastern white pelican,CI,Haley Caldecot,hcaldecotn5@gravatar.com,792-106-4626
"Lion, galapagos sea",ZA,Sylvia McCombe,smccomben6@jugem.jp,607-185-7158
"Civet, common palm",UA,Kelsey Bascombe,kbascomben7@quantcast.com,976-714-5290
"Jackal, golden",CN,Garrott Extance,gextancen8@freewebs.com,186-854-6419
"Fox, grey",MK,Jim Gettings,jgettingsn9@sohu.com,291-123-4597
Indian mynah,PH,Riva Bayliss,rbaylissna@wiley.com,387-413-9818
Yellow-headed caracara,CN,Anita Lutsch,alutschnb@domainmarket.com,908-529-3095
"Macaque, pig-tailed",CN,Glynis MacTrustam,gmactrustamnc@merriam-webster.com,833-788-7221
"Pelican, great white",BR,Jobi Espin,jespinnd@instagram.com,271-442-4777
"Sloth, two-toed tree",IL,Raychel Garnul,rgarnulne@patch.com,291-965-6663
Giant girdled lizard,ID,Livy Buterton,lbutertonnf@google.com.br,591-664-6567
Dabchick,NZ,Chickie MacColgan,cmaccolganng@nasa.gov,109-855-2538
Paca,PH,Izabel Adamiec,iadamiecnh@cafepress.com,393-222-1483
"Fox, bat-eared",SE,Lavinie Casswell,lcasswellni@wikia.com,734-359-1881
Yellow-billed hornbill,KI,Chrissy Wallice,cwallicenj@deviantart.com,214-981-7061
Chilean flamingo,EG,Hasheem Wintour,hwintournk@geocities.com,994-440-6549
Swainson's francolin,CN,Toddy Coon,tcoonnl@phpbb.com,575-857-7660
"Snake, buttermilk",ID,Roselin Prestage,rprestagenm@bing.com,276-357-9953
Red-tailed phascogale,PT,Selle Scone,ssconenn@wikia.com,114-809-7612
"Cockatoo, sulfur-crested",PT,Dorian Swigger,dswiggerno@phoca.cz,380-145-5903
Water legaan,ID,Vonnie Wyse,vwysenp@posterous.com,750-431-7854
"Otter, canadian river",RU,Sidney Rixon,srixonnq@lulu.com,943-802-5388
"Otter, small-clawed",CN,Jameson McGrory,jmcgrorynr@infoseek.co.jp,265-963-7495
"Francolin, swainson's",ID,Boonie Lisett,blisettns@yahoo.com,879-154-7748
Brush-tailed bettong,AL,Colin Millbank,cmillbanknt@lulu.com,707-293-9216
"Starfish, crown of thorns",CA,Natalie Huyge,nhuygenu@ezinearticles.com,377-444-1316
"Marten, american",CN,Ephrayim Sorbey,esorbeynv@comcast.net,684-518-0635
"Rattlesnake, horned",ID,Ali Lawlie,alawlienw@bluehost.com,274-147-0744
"Booby, blue-footed",RU,Palmer Giraldez,pgiraldeznx@drupal.org,238-956-6130
"Lizard, blue-tongued",ID,Deb Firpi,dfirpiny@simplemachines.org,751-659-6685
Cheetah,RU,Dionysus Georges,dgeorgesnz@reddit.com,205-370-0238
"Hawk-eagle, crowned",NZ,Alistair O'Coskerry,aocoskerryo0@ed.gov,223-142-2749
Verreaux's sifaka,PL,Hervey Digance,hdiganceo1@networksolutions.com,155-766-6379
"Dragon, western bearded",ID,Dulcy Oldknow,doldknowo2@trellian.com,380-631-0361
"Langur, common",CZ,Filberte Soar,fsoaro3@wp.com,651-313-4306
Spotted-tailed quoll,ID,Kessiah Chell,kchello4@51.la,126-605-0718
"Oryx, fringe-eared",PE,Zonda Bourthouloume,zbourthouloumeo5@geocities.jp,741-801-3196
Common mynah,CN,Eartha Chanders,echanderso6@arizona.edu,296-762-5826
White-winged dove,CA,Bianca Marcq,bmarcqo7@hibu.com,415-841-5945
"Lion, south american sea",CN,Wilbert Schlagman,wschlagmano8@elpais.com,167-181-4762
Pampa gray fox,FR,Colas Machans,cmachanso9@cbslocal.com,461-185-7339
"Dog, african wild",PT,Genevra Chaffey,gchaffeyoa@nasa.gov,895-657-9743
Red-billed hornbill,EE,Rance Stein,rsteinob@webeden.co.uk,800-691-2260
Stanley bustard,CN,Angel Wardell,awardelloc@loc.gov,717-970-5823
"Phalarope, red-necked",CN,Carleen Bog,cbogod@google.nl,433-987-3387
Tokay gecko,CN,Ade Lockhead,alockheadoe@cbc.ca,194-992-2632
"Ibis, sacred",CO,Dirk Provost,dprovostof@youtu.be,285-863-0344
Black-collared barbet,CM,Isidoro Daysh,idayshog@dion.ne.jp,377-682-5114
"Whale, killer",PH,Kimberli Burton,kburtonoh@mayoclinic.com,174-581-1908
Osprey,EE,Jackie Olifard,jolifardoi@home.pl,895-725-2183
"Goose, cereopsis",XK,Lorelei Ogborn,logbornoj@ovh.net,835-665-0694
Snake (unidentified),HN,Jaymie Woodruff,jwoodruffok@archive.org,412-408-2097
"Squirrel, golden-mantled ground",CN,Malissia Waszkiewicz,mwaszkiewiczol@narod.ru,136-750-1847
Asian water buffalo,AR,Marlon Mongenot,mmongenotom@dailymail.co.uk,956-733-2608
Javan gold-spotted mongoose,BR,Leonanie Langer,llangeron@usa.gov,195-686-7682
"Cockatoo, red-tailed",RS,Staci Cubuzzi,scubuzzioo@ihg.com,522-458-6046
"Mongoose, eastern dwarf",HN,Elvira Moberley,emoberleyop@behance.net,190-485-6914
Blue catfish,PT,Yehudi Longthorn,ylongthornoq@typepad.com,873-239-2010
Red-winged hawk (unidentified),CN,Dov Diemer,ddiemeror@dailymail.co.uk,430-786-1347
"Macaque, pig-tailed",PH,Georgena Lineen,glineenos@facebook.com,532-885-6313
Dark-winged trumpeter,FI,Antons Longdon,alongdonot@mozilla.org,532-554-0517
"Deer, red",ID,Anderson Livermore,alivermoreou@ca.gov,208-359-1214
American marten,PH,Aloysia Drayson,adraysonov@plala.or.jp,306-525-4458
North American porcupine,EE,Katrinka Farney,kfarneyow@tiny.cc,823-229-7946
"Buffalo, wild water",CZ,Fiona Clancy,fclancyox@aboutads.info,401-764-0761
Crested porcupine,PL,Simeon Doubleday,sdoubledayoy@dmoz.org,333-692-2209
Ornate rock dragon,KZ,Theo Blamire,tblamireoz@angelfire.com,749-291-7152
"Mynah, common",CN,Iolanthe McGerraghty,imcgerraghtyp0@boston.com,382-174-2529
Ground legaan,PE,Shalna Spaice,sspaicep1@is.gd,742-589-4977
Black-tailed prairie dog,JP,Arleyne Tejero,atejerop2@illinois.edu,908-588-8857
Komodo dragon,ID,Maire Loveguard,mloveguardp3@parallels.com,130-130-4521
Hawk-headed parrot,FR,Sibylle Welton,sweltonp4@unicef.org,994-595-9960
"Anteater, giant",RU,Reynold Laidlow,rlaidlowp5@google.ca,105-299-9338
Cottonmouth,PK,Henri Pasticznyk,hpasticznykp6@php.net,348-903-8529
Spotted hyena,CN,Sully Watmough,swatmoughp7@cdbaby.com,452-679-0118
Brown hyena,FR,Graehme Sirette,gsirettep8@tripod.com,475-681-7409
"Gull, pacific",ID,Consalve Ackhurst,cackhurstp9@vkontakte.ru,763-528-4598
Chuckwalla,VN,Hughie Rains,hrainspa@soundcloud.com,379-326-4440
"Squirrel, indian giant",CN,Emlyn Dovidaitis,edovidaitispb@studiopress.com,523-106-0196
"Fox, pampa gray",CA,Gale Ruffli,grufflipc@yellowbook.com,437-913-4098
Chestnut weaver,EG,Thayne Gooley,tgooleypd@ibm.com,902-701-7455
Indian porcupine,NG,Zacharia Skein,zskeinpe@com.com,820-729-2908
"Robin, white-throated",PH,Omar Prosser,oprosserpf@va.gov,328-315-2903
Oriental short-clawed otter,PH,Dane Checkley,dcheckleypg@yahoo.com,898-535-3563
"Zorro, azara's",US,Jaymee Melvin,jmelvinph@hugedomains.com,571-776-4317
Monitor lizard (unidentified),RU,Edlin Hutfield,ehutfieldpi@uol.com.br,832-895-1527
"Pelican, australian",CN,Anthony Formie,aformiepj@samsung.com,470-345-0503
"Plover, three-banded",CN,Katherine Slisby,kslisbypk@unc.edu,568-370-4302
"Crane, blue",BR,Charil Rackley,crackleypl@networksolutions.com,224-118-2326
"Crow, house",CN,Michele Lethbridge,mlethbridgepm@amazonaws.com,581-973-4558
"Phascogale, red-tailed",ID,Smith Truce,strucepn@google.fr,266-254-9891
"Cormorant, flightless",CN,Sybyl Creaven,screavenpo@tuttocitta.it,495-834-5091
"Avocet, pied",GE,Burke Liddy,bliddypp@plala.or.jp,581-914-6575
Southern elephant seal,FR,Dicky Conyard,dconyardpq@dell.com,348-654-7867
Red-billed tropic bird,ID,Pia Marle,pmarlepr@gizmodo.com,644-947-7222
Asian red fox,BO,Hi Bolley,hbolleyps@discovery.com,325-647-7527
Stone sheep,ID,Juditha Gennrich,jgennrichpt@answers.com,647-520-2790
"Iguana, marine",UA,Hector Byles,hbylespu@shareasale.com,862-345-8460
African porcupine,AR,Dalis Robjant,drobjantpv@nationalgeographic.com,920-771-7013
"Jackal, golden",PH,Vivianne MacAvaddy,vmacavaddypw@feedburner.com,212-344-1352
"Lion, mountain",CN,Benedetto Landsborough,blandsboroughpx@youtube.com,764-244-5380
Indian tree pie,FR,Olga Heyburn,oheyburnpy@intel.com,593-350-7674
"Antelope, sable",NI,Channa Kinmond,ckinmondpz@studiopress.com,575-738-3855
"Squirrel, arctic ground",CN,Lu Sowden,lsowdenq0@salon.com,295-311-7321
Grey-footed squirrel,BR,Pedro Vignal,pvignalq1@forbes.com,244-822-7704
"Penguin, little blue",CN,Iona Volett,ivolettq2@independent.co.uk,613-838-3776
"Beaver, american",KZ,Burk Luckings,bluckingsq3@sogou.com,890-633-4061
"Possum, golden brush-tailed",PL,Holly-anne De Filippis,hdeq4@deviantart.com,168-180-0662
Black bear,SV,Tobit Samweyes,tsamweyesq5@ucsd.edu,530-203-5940
Striped hyena,PH,Alic Hucklesby,ahucklesbyq6@twitpic.com,816-462-6522
Western palm tanager (unidentified),PL,Dario Halbord,dhalbordq7@fastcompany.com,862-616-7880
"Goose, spur-winged",MY,Liane Whiles,lwhilesq8@yellowpages.com,851-713-5660
Brown antechinus,CN,Perren Huckleby,phucklebyq9@nba.com,779-143-0719
White-nosed coatimundi,PE,Alanson Tommis,atommisqa@about.me,372-652-2380
"Armadillo, nine-banded",PH,Anjanette Semkins,asemkinsqb@canalblog.com,289-591-3997
Eurasian hoopoe,CN,Caitrin Zanitti,czanittiqc@printfriendly.com,260-239-2915
Whip-tailed wallaby,CN,Alyse Sukbhans,asukbhansqd@altervista.org,283-481-7886
"Bulbul, african red-eyed",PE,Flinn Sieve,fsieveqe@linkedin.com,540-655-3539
"Macaque, rhesus",GH,Katusha Tester,ktesterqf@histats.com,348-443-9376
Stone sheep,US,Lonee Prinn,lprinnqg@blogs.com,469-307-4061
Puna ibis,ID,Nada Dodridge,ndodridgeqh@ucla.edu,673-769-1592
Long-billed corella,CN,Ulrica Trevain,utrevainqi@nsw.gov.au,154-193-5374
"Rhea, greater",CN,Albertina Hassard,ahassardqj@geocities.jp,928-133-7343
Tarantula,CZ,Leticia Plewes,lplewesqk@topsy.com,199-852-2406
Sea birds (unidentified),CN,Irwinn Bassick,ibassickql@accuweather.com,919-743-1616
Buttermilk snake,VN,Norene MacWhan,nmacwhanqm@cocolog-nifty.com,529-206-8472
Canadian tiger swallowtail butterfly,EG,Bria Blandford,bblandfordqn@hhs.gov,316-864-5070
Sally lightfoot crab,NO,Carney Windebank,cwindebankqo@pbs.org,256-805-4038
"Rat, arboral spiny",DO,Martino Ratlee,mratleeqp@miibeian.gov.cn,435-914-9613
"Cat, civet",MX,Nannette Hunsworth,nhunsworthqq@craigslist.org,112-644-7178
Bateleur eagle,BY,Arline Holme,aholmeqr@instagram.com,641-367-6786
Swainson's francolin,NI,Brand Wythe,bwytheqs@omniture.com,543-191-5739
Koala,VE,Kimmy Sarver,ksarverqt@independent.co.uk,784-695-1869
"Rabbit, eastern cottontail",BR,Orlan Debnam,odebnamqu@sphinn.com,644-304-6286
"Sifaka, verreaux's",PH,Yuri Greneham,ygrenehamqv@merriam-webster.com,757-439-7464
"Anteater, giant",VN,Budd Spreag,bspreagqw@skype.com,734-487-3325
Australian sea lion,KR,Fitzgerald Langcastle,flangcastleqx@hhs.gov,853-511-5548
"Heron, black-crowned night",UA,Marnia Huton,mhutonqy@apache.org,119-366-5802
"Elephant, asian",ID,Mehetabel Baptista,mbaptistaqz@hugedomains.com,238-695-7399
"Blackbird, red-winged",LK,Julee Mansion,jmansionr0@gmpg.org,494-183-9843
Red-billed tropic bird,ZA,Patsy Ledster,pledsterr1@wisc.edu,958-835-2917
"Bandicoot, short-nosed",MM,Terri Griffe,tgriffer2@psu.edu,828-635-0510
"Tortoise, asian foreset",BA,Heinrick Abernethy,habernethyr3@msn.com,199-317-5552
"Skink, blue-tongued",KH,Geraldine Bon,gbonr4@yelp.com,790-289-3097
"Heron, grey",CN,Clerissa Weildish,cweildishr5@pbs.org,582-969-3346
"Iguana, common green",CN,Darwin Molian,dmolianr6@mashable.com,401-960-7922
Eastern dwarf mongoose,ID,Pepito Coultass,pcoultassr7@imgur.com,244-635-0301
Palm squirrel,BR,Dougy Casarino,dcasarinor8@domainmarket.com,465-894-3419
"Stork, jabiru",FR,Svend Feldklein,sfeldkleinr9@4shared.com,367-940-9960
North American river otter,CN,Vivienne Thain,vthainra@fda.gov,559-787-0770
Black bear,TN,Mariellen McGaugey,mmcgaugeyrb@ning.com,459-917-4498
Least chipmunk,RS,Poppy Simoni,psimonirc@alibaba.com,906-200-2171
"Crow, american",PH,Hana Durgan,hdurganrd@mapy.cz,224-583-4103
"Spoonbill, european",PH,Nara Santarelli,nsantarellire@seesaa.net,902-409-0566
"Beaver, american",TH,Pren Mattielli,pmattiellirf@artisteer.com,240-832-7237
"Ibis, puna",NG,Ignace Northing,inorthingrg@jigsy.com,110-753-6674
Bare-faced go away bird,PL,Salomon Kindred,skindredrh@acquirethisname.com,922-711-7633
Flying fox (unidentified),CN,Agna Raddon,araddonri@scientificamerican.com,412-719-1387
Horned lark,PS,Clarke Bomfield,cbomfieldrj@theatlantic.com,749-958-5529
Violet-eared waxbill,VE,Jacenta Blues,jbluesrk@sourceforge.net,854-292-5924
Crab (unidentified),CN,Ava Keble,akeblerl@51.la,380-384-7268
"Macaque, rhesus",IE,Morgen Rysom,mrysomrm@dedecms.com,399-363-2034
"Kite, black",FR,Karoline Khosa,kkhosarn@gmpg.org,682-357-0539
Laughing kookaburra,ID,Gratia Boshers,gboshersro@usatoday.com,533-664-2218
"Vulture, black",JP,Aleda Ambrose,aambroserp@whitehouse.gov,836-375-5055
"Kite, black",US,Elizabeth Sheryn,esherynrq@mediafire.com,951-415-3044
Yellow-billed hornbill,SE,Ali McAdam,amcadamrr@hugedomains.com,708-777-0620
