id,first_name,last_name,email,gender,ip_address
1,Cyrus,Grayer,cgrayer0@indiegogo.com,Male,47.178.252.250
2,Roderigo,Boydle,rboydle1@noaa.gov,Male,204.20.51.12
3,Hamnet,Bosse,hbosse2@java.com,Male,203.122.35.86
4,Rebeka,Wilford,rwilford3@ocn.ne.jp,Female,91.153.156.144
5,Giustino,Garrood,ggarrood4@irs.gov,Male,198.177.81.235
6,Bobette,Dongate,bdongate5@istockphoto.com,Female,210.40.177.242
7,Muhammad,Renshaw,mrenshaw6@elegantthemes.com,Male,165.51.10.125
8,Cecil,Novkovic,cnovkovic7@list-manage.com,Female,178.158.149.16
9,Antonina,Gibbs,agibbs8@nps.gov,Female,218.175.146.171
10,Spike,Dudding,sdudding9@ning.com,Male,192.99.52.141
11,Douglas,Baddeley,dbaddeleya@narod.ru,Male,24.19.212.127
12,Dottie,Dorrell,ddorrellb@unc.edu,Female,15.27.119.169
13,Mickie,Westoll,mwestollc@hhs.gov,Male,57.230.213.136
14,Jeth,Rowet,jrowetd@whitehouse.gov,Male,45.62.235.154
15,Rafaelia,Hightown,rhightowne@slashdot.org,Non-binary,46.111.46.215
16,Bone,Blitzer,bblitzerf@cloudflare.com,Male,39.142.39.123
17,Virgilio,Joynes,vjoynesg@bloglines.com,Male,145.49.237.249
18,Hardy,O'Lennachain,holennachainh@cafepress.com,Male,12.0.191.10
19,Marwin,Casassa,mcasassai@washingtonpost.com,Male,244.10.47.78
20,Davie,Meas,dmeasj@furl.net,Male,88.160.157.60
21,Aeriel,Sichardt,asichardtk@hostgator.com,Female,134.188.220.250
22,Kale,Joplin,kjoplinl@shareasale.com,Male,29.215.38.3
23,Gaynor,Allatt,gallattm@sourceforge.net,Non-binary,138.62.44.59
24,Aguie,Deesly,adeeslyn@blogspot.com,Male,135.32.13.254
25,Garry,Melledy,gmelledyo@gov.uk,Male,23.71.136.154
26,Dori,Van der Krui,dvanderkruip@naver.com,Female,15.131.126.114
27,Lucius,Ventris,lventrisq@tuttocitta.it,Male,158.152.249.33
28,Vivianna,Bumford,vbumfordr@fastcompany.com,Female,10.150.41.197
29,Rois,Moriarty,rmoriartys@soundcloud.com,Female,67.170.113.44
30,Elene,Routham,erouthamt@edublogs.org,Female,205.206.68.156
31,Justina,Garfield,jgarfieldu@de.vu,Female,142.228.212.138
32,Selie,Stannis,sstannisv@ucoz.com,Female,233.40.208.54
33,Quint,Kordas,qkordasw@flickr.com,Male,187.84.252.131
34,Tallou,Eames,teamesx@engadget.com,Female,134.113.69.174
35,Errol,Shead,esheady@pbs.org,Male,11.233.54.90
36,Haleigh,Luto,hlutoz@auda.org.au,Female,167.230.63.236
37,Amanda,Ridel,aridel10@comsenz.com,Female,88.229.74.61
38,Theresa,Ellerby,tellerby11@nationalgeographic.com,Bigender,96.238.165.28
39,Velma,Worsnip,vworsnip12@yellowbook.com,Female,192.72.127.88
40,Philipa,Beaney,pbeaney13@soundcloud.com,Female,66.239.6.124
41,Hanna,Geraldo,hgeraldo14@studiopress.com,Female,222.220.52.193
42,Sarena,Jery,sjery15@xrea.com,Female,249.131.242.255
43,Devi,Crippes,dcrippes16@soup.io,Female,152.9.205.182
44,Corrie,Behagg,cbehagg17@discovery.com,Male,238.40.92.56
45,Welbie,Willmore,wwillmore18@tumblr.com,Male,98.160.182.187
46,Engracia,Florio,eflorio19@php.net,Female,58.145.33.140
47,Hedvig,McReidy,hmcreidy1a@rediff.com,Female,61.69.69.93
48,Merrilee,Ohm,mohm1b@va.gov,Female,103.176.4.161
49,Amelita,Shailer,ashailer1c@cbc.ca,Genderqueer,124.128.231.33
50,Marion,Biasotti,mbiasotti1d@phoca.cz,Male,154.107.48.92
51,Rich,McKeady,rmckeady1e@edublogs.org,Genderqueer,126.205.247.39
52,Ariel,Kremer,akremer1f@e-recht24.de,Female,225.139.154.47
53,Maximilian,Korpal,mkorpal1g@census.gov,Male,111.123.34.65
54,Eugine,Tevelov,etevelov1h@unicef.org,Female,231.87.100.213
55,Zacharie,Bear,zbear1i@slideshare.net,Male,192.220.61.148
56,Boonie,Feldfisher,bfeldfisher1j@exblog.jp,Male,30.10.245.253
57,Ava,Novotni,anovotni1k@sourceforge.net,Polygender,153.12.26.204
58,Duff,Josilevich,djosilevich1l@netscape.com,Bigender,52.91.137.10
59,Dionisio,Malimoe,dmalimoe1m@latimes.com,Male,251.219.63.112
60,Bessie,Houldey,bhouldey1n@elegantthemes.com,Female,154.173.117.131
61,Donalt,Evers,devers1o@e-recht24.de,Male,173.254.55.2
62,Chris,Hubble,chubble1p@unesco.org,Female,30.115.141.28
63,Malissia,Pignon,mpignon1q@xing.com,Female,39.63.221.245
64,Druci,Baskeyfield,dbaskeyfield1r@fema.gov,Female,131.139.204.110
65,Kienan,Rogeron,krogeron1s@scribd.com,Male,166.4.181.99
66,Rafe,Coulson,rcoulson1t@tuttocitta.it,Male,173.189.209.116
67,Honor,Tatters,htatters1u@noaa.gov,Female,171.63.164.120
68,Talyah,Arp,tarp1v@odnoklassniki.ru,Genderfluid,13.73.32.207
69,Olivero,Strutley,ostrutley1w@howstuffworks.com,Male,55.151.217.125
70,Cleveland,Cosser,ccosser1x@tripod.com,Male,52.240.132.155
71,Aristotle,Summerson,asummerson1y@squarespace.com,Male,85.246.110.167
72,Henrietta,Stanfield,hstanfield1z@topsy.com,Female,63.17.146.227
73,Sula,Habergham,shabergham20@archive.org,Female,132.98.147.222
74,Pru,Lenham,plenham21@timesonline.co.uk,Female,73.71.95.26
75,Butch,Aleksashin,baleksashin22@skype.com,Male,55.84.144.104
76,Isabelle,Belchamp,ibelchamp23@go.com,Female,205.122.207.78
77,Martica,Heintzsch,mheintzsch24@marriott.com,Female,188.84.161.27
78,Chelsey,Tufts,ctufts25@skyrock.com,Female,77.242.178.50
79,Sigfrid,Gregh,sgregh26@gizmodo.com,Male,252.65.37.171
80,Connie,Vickers,cvickers27@ning.com,Male,28.178.141.5
81,Wendie,July,wjuly28@miibeian.gov.cn,Female,88.136.207.253
82,Granny,Auton,gauton29@parallels.com,Male,111.191.146.206
83,Kathie,Steuart,ksteuart2a@sakura.ne.jp,Female,65.226.247.235
84,Chrysa,Gingold,cgingold2b@hostgator.com,Female,115.30.215.99
85,Karina,Swainston,kswainston2c@delicious.com,Female,3.141.85.78
86,Dollie,Stredder,dstredder2d@phoca.cz,Female,137.109.198.27
87,Siobhan,Dennidge,sdennidge2e@lycos.com,Female,110.9.75.69
88,Leta,Thouless,lthouless2f@ycombinator.com,Agender,145.247.75.194
89,Flossie,Guilleton,fguilleton2g@netscape.com,Female,221.122.19.119
90,Veronique,Thornally,vthornally2h@chronoengine.com,Female,169.146.152.128
91,Cyndy,Poe,cpoe2i@1688.com,Female,226.136.248.5
92,Kimble,Phettiplace,kphettiplace2j@cloudflare.com,Male,45.130.228.150
93,Juline,Warin,jwarin2k@yahoo.co.jp,Female,187.81.218.92
94,Artus,Poschel,aposchel2l@army.mil,Male,216.236.21.109
95,Towny,Skeech,tskeech2m@squarespace.com,Male,110.167.202.75
96,Morgen,Downey,mdowney2n@unesco.org,Female,40.65.166.87
97,Felita,Lowles,flowles2o@diigo.com,Genderfluid,19.64.123.29
98,Neron,Dunphie,ndunphie2p@imageshack.us,Male,187.106.169.156
99,Wenonah,Meaton,wmeaton2q@blinklist.com,Female,233.246.47.75
100,Bertie,Cromett,bcromett2r@stumbleupon.com,Female,91.50.239.193
101,Augy,Faunt,afaunt2s@php.net,Male,98.21.19.118
102,Bondy,MacFaell,bmacfaell2t@ask.com,Male,243.62.34.250
103,Jaquelyn,Gladhill,jgladhill2u@moonfruit.com,Female,180.165.124.210
104,Gifford,Giurio,ggiurio2v@webmd.com,Male,87.51.42.40
105,Ros,Larrosa,rlarrosa2w@reference.com,Female,69.99.50.172
106,Marlowe,Johncey,mjohncey2x@webnode.com,Male,147.75.33.202
107,Cori,Langrish,clangrish2y@w3.org,Bigender,50.242.184.220
108,Mendel,Berg,mberg2z@fema.gov,Male,133.22.103.37
109,Jacynth,Durman,jdurman30@toplist.cz,Bigender,62.55.129.18
110,Bertram,Willmetts,bwillmetts31@xing.com,Male,22.202.170.100
111,Ives,Pearch,ipearch32@usatoday.com,Male,130.83.152.15
112,Efren,Fetherby,efetherby33@uiuc.edu,Male,107.67.136.16
113,Charley,Patriskson,cpatriskson34@clickbank.net,Male,31.79.64.219
114,Currey,Storton,cstorton35@themeforest.net,Male,10.39.145.122
115,Glory,Longbone,glongbone36@blogtalkradio.com,Non-binary,137.219.34.33
116,Peggie,Botger,pbotger37@storify.com,Female,247.54.77.133
117,Benyamin,Cobbled,bcobbled38@berkeley.edu,Bigender,98.152.153.250
118,Kinsley,O'Callaghan,kocallaghan39@zimbio.com,Male,187.187.80.31
119,Claudius,Lightman,clightman3a@miitbeian.gov.cn,Male,38.250.55.48
120,Beulah,Drowsfield,bdrowsfield3b@google.ru,Female,171.166.7.198
121,Heloise,Shreve,hshreve3c@example.com,Genderfluid,155.28.168.236
122,Trumann,Mumbey,tmumbey3d@wired.com,Male,231.220.8.146
123,Maurise,McLeoid,mmcleoid3e@biglobe.ne.jp,Male,114.243.51.231
124,Roxanne,Geake,rgeake3f@whitehouse.gov,Female,80.87.30.20
125,Grannie,Matessian,gmatessian3g@pinterest.com,Male,76.131.29.19
126,Ethelred,Marxsen,emarxsen3h@joomla.org,Male,159.58.232.229
127,Jada,Lorden,jlorden3i@abc.net.au,Female,83.250.224.90
128,Darb,Wherrit,dwherrit3j@statcounter.com,Female,54.71.188.161
129,Carlos,Briers,cbriers3k@weebly.com,Male,162.115.3.15
130,Paola,Greim,pgreim3l@mapquest.com,Bigender,243.36.254.109
131,Dehlia,Monson,dmonson3m@cnn.com,Female,30.48.112.148
132,Ashton,Kittless,akittless3n@huffingtonpost.com,Male,240.240.143.225
133,Reinhard,Knappen,rknappen3o@parallels.com,Genderqueer,218.216.60.125
134,Burtie,Morley,bmorley3p@cargocollective.com,Male,106.210.241.202
135,Mayne,Jeckells,mjeckells3q@dell.com,Male,59.49.115.136
136,Starla,Pinwell,spinwell3r@nsw.gov.au,Female,7.10.210.242
137,Ezri,Ruston,eruston3s@squidoo.com,Male,182.166.55.31
138,Agnesse,Dietsche,adietsche3t@t-online.de,Female,204.213.224.249
139,Bear,Simanek,bsimanek3u@loc.gov,Male,93.115.153.251
140,Dayle,Duker,dduker3v@va.gov,Female,40.188.167.188
141,Barnett,MacEntee,bmacentee3w@whitehouse.gov,Male,204.232.231.118
142,Peggy,Plenderleith,pplenderleith3x@google.fr,Female,106.250.63.51
143,Lissie,Mechi,lmechi3y@skyrock.com,Female,132.118.168.201
144,Udall,Fretter,ufretter3z@weebly.com,Male,199.254.217.195
145,Kendall,MacCorkell,kmaccorkell40@ucsd.edu,Male,214.162.184.47
146,Lavinia,Magog,lmagog41@goo.ne.jp,Female,30.90.44.167
147,Normand,Mossop,nmossop42@washingtonpost.com,Male,146.95.158.201
148,Cindy,Witcher,cwitcher43@paginegialle.it,Female,55.110.12.210
149,Ardath,Jerrim,ajerrim44@booking.com,Female,77.205.2.243
150,Hilly,Brettle,hbrettle45@blogger.com,Male,154.183.7.248
151,Horton,Gude,hgude46@miitbeian.gov.cn,Male,5.185.53.189
152,Harwell,Botwright,hbotwright47@cornell.edu,Male,202.104.254.220
153,Francisco,Catterick,fcatterick48@instagram.com,Male,136.86.239.204
154,Gregorius,Ruberry,gruberry49@google.nl,Male,230.136.243.83
155,Wash,Castillo,wcastillo4a@ft.com,Male,124.104.131.8
156,Vivie,Neilson,vneilson4b@dagondesign.com,Female,163.30.106.67
157,Penrod,Jambrozek,pjambrozek4c@examiner.com,Male,189.101.214.115
158,Kippy,Balling,kballing4d@newsvine.com,Male,91.188.225.124
159,Fred,Huzzey,fhuzzey4e@wufoo.com,Male,111.32.51.98
160,Joe,Allone,jallone4f@pbs.org,Male,94.225.174.240
161,Andonis,Emanuelov,aemanuelov4g@people.com.cn,Male,28.174.26.5
162,Glynis,Drakeford,gdrakeford4h@virginia.edu,Female,117.216.82.34
163,Elissa,Challenor,echallenor4i@apple.com,Female,89.225.207.100
164,Chad,Lucia,clucia4j@networksolutions.com,Male,188.144.69.137
165,Merwyn,Vannini,mvannini4k@newsvine.com,Male,219.117.184.73
166,Rustie,Prine,rprine4l@hhs.gov,Male,223.156.178.209
167,Gilemette,McTerry,gmcterry4m@over-blog.com,Female,204.126.188.184
168,Yasmeen,Crafts,ycrafts4n@photobucket.com,Genderfluid,57.117.12.153
169,Alasteir,Moulding,amoulding4o@vinaora.com,Male,58.27.234.223
170,Desdemona,Joret,djoret4p@addtoany.com,Female,201.211.145.97
171,Quincey,Fairham,qfairham4q@china.com.cn,Male,230.139.96.161
172,Gunilla,Cordelet,gcordelet4r@issuu.com,Female,194.139.213.42
173,Lalo,Rothman,lrothman4s@amazonaws.com,Male,29.120.222.254
174,Hewitt,Batchley,hbatchley4t@posterous.com,Male,25.53.4.180
175,Amerigo,Ferrelli,aferrelli4u@usa.gov,Male,82.105.34.179
176,Dore,Farris,dfarris4v@sakura.ne.jp,Male,254.43.113.193
177,Archaimbaud,Melland,amelland4w@admin.ch,Male,163.4.11.247
178,Anderson,McCambridge,amccambridge4x@dagondesign.com,Male,223.65.241.221
179,Noell,Pygott,npygott4y@domainmarket.com,Female,195.131.226.13
180,Shir,Burgott,sburgott4z@blogs.com,Female,41.164.196.121
181,Jackson,Pawling,jpawling50@infoseek.co.jp,Male,63.44.26.191
182,Katine,Janecek,kjanecek51@uol.com.br,Female,199.9.154.1
183,Germaine,Hick,ghick52@de.vu,Male,118.148.226.117
184,Hillel,Corck,hcorck53@flickr.com,Male,89.82.199.212
185,Abel,Smithyman,asmithyman54@sitemeter.com,Male,49.178.26.150
186,Marten,Baxter,mbaxter55@sun.com,Male,133.110.199.164
187,Alec,Cicculini,acicculini56@jigsy.com,Male,127.6.66.12
188,Jennine,Bertie,jbertie57@redcross.org,Female,232.215.25.29
189,Allan,Pease,apease58@plala.or.jp,Male,143.196.164.144
190,Geordie,Kristufek,gkristufek59@flavors.me,Male,82.249.69.245
191,Gorden,Stenbridge,gstenbridge5a@feedburner.com,Male,17.69.223.168
192,Emmalyn,Peachment,epeachment5b@elpais.com,Female,53.120.125.38
193,Dulci,McCarry,dmccarry5c@csmonitor.com,Female,212.28.192.100
194,Marcus,Buston,mbuston5d@ameblo.jp,Male,149.116.175.176
195,Quintina,McCrackan,qmccrackan5e@cnet.com,Female,237.171.127.210
196,Manuel,Gribble,mgribble5f@nps.gov,Male,45.44.199.19
197,Brana,Josephsen,bjosephsen5g@alibaba.com,Genderfluid,160.173.84.125
198,Jacobo,Leeb,jleeb5h@phpbb.com,Male,118.87.210.186
199,Danit,Gerhold,dgerhold5i@hexun.com,Female,146.82.3.159
200,Tracie,Ephgrave,tephgrave5j@salon.com,Male,54.91.82.250
201,Roxanna,Rowan,rrowan5k@google.com.hk,Female,124.20.192.78
202,Evania,Coalburn,ecoalburn5l@1688.com,Female,247.116.195.2
203,Cher,Raunds,craunds5m@walmart.com,Agender,72.130.231.204
204,Yale,Hadaway,yhadaway5n@flavors.me,Male,161.106.220.43
205,Iago,Vuittet,ivuittet5o@alexa.com,Male,83.53.19.11
206,Vaughan,Boak,vboak5p@ted.com,Male,183.87.37.185
207,Richard,Christopherson,rchristopherson5q@flickr.com,Male,181.97.31.151
208,Deborah,Polhill,dpolhill5r@over-blog.com,Female,131.47.121.83
209,Jazmin,Dredge,jdredge5s@nasa.gov,Female,77.234.108.22
210,Engelbert,Bernardoux,ebernardoux5t@sogou.com,Male,193.165.146.141
211,Ted,De Carteret,tdecarteret5u@fda.gov,Male,186.48.151.185
212,Baryram,Mansion,bmansion5v@netvibes.com,Male,225.130.224.42
213,Hunfredo,Trotman,htrotman5w@tmall.com,Male,106.18.171.6
214,Judith,Bramah,jbramah5x@howstuffworks.com,Female,244.230.45.233
215,Anallise,Tweddell,atweddell5y@ftc.gov,Female,50.1.106.25
216,Fredrick,Philot,fphilot5z@goo.ne.jp,Male,204.67.22.149
217,Hillery,Kedward,hkedward60@youtu.be,Male,178.190.137.10
218,Lani,Roddan,lroddan61@pagesperso-orange.fr,Female,76.113.112.11
219,Eva,Szymanzyk,eszymanzyk62@behance.net,Female,149.192.34.114
220,Irvine,Yesson,iyesson63@e-recht24.de,Male,150.86.169.105
221,Chere,Handslip,chandslip64@usnews.com,Female,127.89.142.53
222,Kora,Doohan,kdoohan65@ox.ac.uk,Female,1.187.29.130
223,Car,Ellams,cellams66@amazon.co.uk,Male,89.197.140.175
224,Iormina,January 1st,ijanuaryst67@weebly.com,Female,78.206.169.36
225,Frederico,Poynter,fpoynter68@chicagotribune.com,Male,29.136.118.118
226,Lorianna,Goward,lgoward69@statcounter.com,Female,23.204.137.254
227,Piotr,Gormley,pgormley6a@yale.edu,Male,0.217.138.29
228,Perceval,Louys,plouys6b@disqus.com,Male,177.47.180.245
229,Julienne,Bielfelt,jbielfelt6c@mapquest.com,Female,241.34.135.59
230,Florie,Blything,fblything6d@phoca.cz,Polygender,207.51.57.141
231,Cort,Truett,ctruett6e@dell.com,Male,131.77.133.37
232,Tracey,Bogue,tbogue6f@buzzfeed.com,Female,244.76.46.96
233,June,Burtonshaw,jburtonshaw6g@washington.edu,Female,104.234.80.168
234,Lorena,Wallentin,lwallentin6h@pinterest.com,Female,52.52.8.41
235,Louisa,Mogridge,lmogridge6i@adobe.com,Female,190.234.64.209
236,Jacklin,Nettle,jnettle6j@google.ru,Female,1.178.120.115
237,Henriette,Harberer,hharberer6k@springer.com,Female,227.205.10.150
238,Carry,Eddowes,ceddowes6l@bizjournals.com,Genderqueer,218.221.169.237
239,Sasha,Robiou,srobiou6m@google.com.hk,Female,133.27.85.78
240,Jeddy,Gilbeart,jgilbeart6n@yahoo.com,Male,103.103.231.141
241,Mead,Bendare,mbendare6o@irs.gov,Male,228.93.225.166
242,Christiane,Eddolls,ceddolls6p@ezinearticles.com,Female,161.39.235.228
243,Tiffanie,Winnett,twinnett6q@examiner.com,Female,207.253.85.247
244,Nahum,Burnham,nburnham6r@so-net.ne.jp,Male,155.225.162.5
245,Ozzie,Betty,obetty6s@sohu.com,Male,223.255.193.149
246,Bernete,Shane,bshane6t@hhs.gov,Female,54.16.194.139
247,Galvan,Spreadbury,gspreadbury6u@webs.com,Male,223.59.35.53
248,Myrtie,Freiberg,mfreiberg6v@nyu.edu,Female,114.26.126.243
249,Judie,Dayley,jdayley6w@admin.ch,Female,139.118.173.62
250,Bronny,Chessill,bchessill6x@chronoengine.com,Male,42.38.208.141
251,Dell,Blundel,dblundel6y@unblog.fr,Male,54.217.167.195
252,Maryellen,Belloch,mbelloch6z@disqus.com,Female,147.170.35.87
253,Moss,Bann,mbann70@si.edu,Male,197.155.179.252
254,Caroline,MacGragh,cmacgragh71@phpbb.com,Female,49.26.12.162
255,Katlin,Brehault,kbrehault72@comsenz.com,Female,242.210.244.135
256,Gaby,Fillan,gfillan73@pagesperso-orange.fr,Female,174.252.255.236
257,Shawna,Meynell,smeynell74@canalblog.com,Female,16.11.191.97
258,Paten,McGirr,pmcgirr75@bbb.org,Male,146.82.14.173
259,Papagena,Dumbarton,pdumbarton76@pagesperso-orange.fr,Non-binary,114.14.85.164
260,Mamie,Hamblin,mhamblin77@twitpic.com,Female,187.148.118.23
261,Lynnea,St. Aubyn,lstaubyn78@example.com,Female,127.94.234.10
262,Milly,Hellwich,mhellwich79@blogs.com,Female,34.146.58.183
263,Leland,Bullers,lbullers7a@timesonline.co.uk,Male,220.4.205.217
264,Miguelita,Dell 'Orto,mdellorto7b@techcrunch.com,Female,8.155.145.0
265,Sissy,Bolino,sbolino7c@t.co,Female,254.37.27.227
266,Alexandros,Pitchford,apitchford7d@sbwire.com,Male,69.47.165.51
267,Guido,Aspel,gaspel7e@skype.com,Male,64.235.215.81
268,Renelle,McDougald,rmcdougald7f@unesco.org,Female,255.164.125.34
269,Reagan,Burne,rburne7g@yale.edu,Male,57.11.1.234
270,Dyanna,O' Donohue,dodonohue7h@free.fr,Female,225.134.12.124
271,Stephenie,Howman,showman7i@nationalgeographic.com,Female,228.60.136.43
272,Lucie,Mellows,lmellows7j@wordpress.org,Female,41.196.235.47
273,Eirena,Souten,esouten7k@discuz.net,Female,207.210.75.175
274,Mal,Franzelini,mfranzelini7l@cmu.edu,Male,152.169.60.115
275,Giovanni,Blowne,gblowne7m@ted.com,Male,57.93.22.202
276,Rinaldo,Pering,rpering7n@tripadvisor.com,Male,182.150.130.64
277,Lanae,Brownjohn,lbrownjohn7o@twitter.com,Female,211.163.163.21
278,Thatch,Eckhard,teckhard7p@who.int,Bigender,222.127.186.98
279,Maure,Sandyford,msandyford7q@answers.com,Female,46.142.30.253
280,Sigfried,Lomasney,slomasney7r@ebay.co.uk,Male,54.49.135.117
281,Giorgio,Naulty,gnaulty7s@ifeng.com,Male,74.53.18.67
282,Lynnelle,Ledstone,lledstone7t@hhs.gov,Polygender,116.89.106.197
283,Kory,Rosenkrantz,krosenkrantz7u@microsoft.com,Male,156.239.240.91
284,Callie,Roughan,croughan7v@pinterest.com,Female,218.132.38.227
285,Waneta,Kwiek,wkwiek7w@ted.com,Female,142.198.185.160
286,Evie,Suarez,esuarez7x@google.ru,Female,130.147.109.155
287,Chelsy,Hares,chares7y@globo.com,Female,123.245.105.188
288,Teresa,Earp,tearp7z@walmart.com,Non-binary,241.51.175.15
289,Liza,Brambell,lbrambell80@google.cn,Female,160.122.195.189
290,Lester,Yankeev,lyankeev81@weibo.com,Male,161.173.176.61
291,Ivar,Blaxton,iblaxton82@blinklist.com,Male,235.9.9.143
292,Amble,Hannant,ahannant83@sina.com.cn,Genderfluid,22.250.93.132
293,Dorotea,Cisson,dcisson84@cdc.gov,Female,245.100.241.127
294,Isa,Everil,ieveril85@blog.com,Female,253.23.118.192
295,Monika,McGenis,mmcgenis86@delicious.com,Female,207.199.83.183
296,Lothario,Southouse,lsouthouse87@domainmarket.com,Male,37.250.83.145
297,Jodie,Iltchev,jiltchev88@google.co.jp,Female,23.12.211.10
298,Vasily,Minister,vminister89@free.fr,Male,92.120.245.206
299,Stesha,Leake,sleake8a@simplemachines.org,Female,81.4.121.2
300,Anabelle,Lewty,alewty8b@cdc.gov,Female,138.204.17.115
301,Otto,Parmiter,oparmiter8c@de.vu,Male,247.178.190.253
302,Shelli,Johannes,sjohannes8d@home.pl,Female,215.157.16.53
303,Jonell,Grebert,jgrebert8e@usa.gov,Female,181.213.83.36
304,Arlen,McGettigan,amcgettigan8f@cbc.ca,Agender,236.46.82.168
305,Dennie,Arondel,darondel8g@prlog.org,Male,48.115.188.155
306,Jacob,Nudde,jnudde8h@mlb.com,Male,94.65.154.230
307,Hall,MacQuaker,hmacquaker8i@pinterest.com,Male,178.131.90.237
308,Siobhan,Cook,scook8j@elpais.com,Female,226.185.174.111
309,Matthieu,Glanvill,mglanvill8k@phpbb.com,Non-binary,23.24.71.67
310,Ada,Mallalieu,amallalieu8l@springer.com,Female,95.71.254.116
311,Odelia,Whistance,owhistance8m@sciencedirect.com,Female,20.43.161.190
312,Sibella,Marvin,smarvin8n@virginia.edu,Female,58.120.218.231
313,Haydon,Pellissier,hpellissier8o@google.cn,Male,253.76.239.206
314,Lockwood,Kuschke,lkuschke8p@fastcompany.com,Male,128.100.42.135
315,Anjanette,Pawlick,apawlick8q@npr.org,Female,193.145.20.193
316,Flss,Rennenbach,frennenbach8r@canalblog.com,Female,193.246.43.161
317,Hammad,Worssam,hworssam8s@netvibes.com,Male,17.44.201.187
318,Franni,Pulfer,fpulfer8t@booking.com,Female,142.94.115.255
319,Kaleb,Rookledge,krookledge8u@techcrunch.com,Male,99.193.171.214
320,Margeaux,Wadge,mwadge8v@dell.com,Female,37.166.18.62
321,Ansell,Fathers,afathers8w@blogspot.com,Male,249.38.229.194
322,Karl,Mardling,kmardling8x@sina.com.cn,Male,232.225.107.199
323,Filmore,Astridge,fastridge8y@elpais.com,Male,34.29.127.167
324,Currey,Tatlowe,ctatlowe8z@istockphoto.com,Male,43.53.141.141
325,Zedekiah,Ianniello,zianniello90@artisteer.com,Male,84.218.36.122
326,Andriette,Jozsef,ajozsef91@com.com,Agender,63.21.34.159
327,Connie,Urion,curion92@wikia.com,Male,73.246.125.197
328,Zora,Ogley,zogley93@nationalgeographic.com,Female,165.213.83.151
329,Madison,Bockett,mbockett94@twitter.com,Male,116.238.17.98
330,Chev,Hoggan,choggan95@marriott.com,Male,230.63.103.148
331,Tam,Carlick,tcarlick96@123-reg.co.uk,Male,136.89.41.42
332,Enrichetta,Novacek,enovacek97@dagondesign.com,Female,219.158.235.164
333,Christiana,Wapples,cwapples98@themeforest.net,Female,114.203.131.42
334,Hobey,Scraggs,hscraggs99@netlog.com,Male,229.199.137.89
335,Tatiana,Lared,tlared9a@soundcloud.com,Female,138.176.74.26
336,Caria,Cornwall,ccornwall9b@ycombinator.com,Female,192.83.113.66
337,Hillery,Sindall,hsindall9c@wix.com,Male,210.158.125.32
338,Benedetto,Skillen,bskillen9d@1und1.de,Male,188.198.21.147
339,Heath,Loody,hloody9e@g.co,Male,249.238.107.148
340,Maire,Mallya,mmallya9f@cornell.edu,Polygender,27.48.223.195
341,Amitie,Slingsby,aslingsby9g@cdbaby.com,Female,189.37.35.38
342,Marylinda,Carty,mcarty9h@nymag.com,Polygender,120.250.179.193
343,Lethia,Britee,lbritee9i@quantcast.com,Female,36.111.7.136
344,Wilhelm,Calcraft,wcalcraft9j@hostgator.com,Agender,147.185.160.6
345,Tami,Weare,tweare9k@wikia.com,Female,43.193.186.131
346,Hermon,Leimster,hleimster9l@joomla.org,Male,140.30.243.97
347,Gustavus,Tooting,gtooting9m@github.com,Male,175.65.122.66
348,Fredrika,Rosenblatt,frosenblatt9n@ustream.tv,Female,229.125.42.132
349,Marcile,Cattrall,mcattrall9o@discovery.com,Female,94.230.238.144
350,Kelcy,Jenkyn,kjenkyn9p@yellowbook.com,Female,239.251.219.40
351,Hale,Ingliby,hingliby9q@earthlink.net,Male,47.203.63.219
352,Carney,Ockleshaw,cockleshaw9r@yelp.com,Male,225.90.50.7
353,Fawnia,Winkle,fwinkle9s@domainmarket.com,Female,216.53.185.108
354,Lucian,Floris,lfloris9t@latimes.com,Male,6.226.141.168
355,Veradis,Vivash,vvivash9u@eepurl.com,Female,122.246.196.205
356,Alfi,Felipe,afelipe9v@yellowpages.com,Female,134.126.198.0
357,Baily,Timoney,btimoney9w@skype.com,Non-binary,109.17.45.77
358,Lorianna,Huggins,lhuggins9x@reuters.com,Female,174.121.97.19
359,Livvy,Blackmoor,lblackmoor9y@whitehouse.gov,Female,180.152.99.223
360,Vilma,Oland,voland9z@washington.edu,Non-binary,245.128.255.174
361,Matias,Balogh,mbalogha0@posterous.com,Male,103.108.226.30
362,Edmund,Heckney,eheckneya1@foxnews.com,Male,48.14.102.188
363,Siffre,Cottage,scottagea2@bizjournals.com,Male,139.100.99.146
364,Guillema,Skally,gskallya3@webeden.co.uk,Female,96.153.150.245
365,Locke,Egle,leglea4@newyorker.com,Male,77.156.62.99
366,Roxane,Shaul,rshaula5@alibaba.com,Female,121.162.182.145
367,Eadmund,Affleck,eafflecka6@drupal.org,Male,138.224.126.78
368,Sydel,Celes,scelesa7@oaic.gov.au,Female,209.52.72.0
369,Hannah,Matuschek,hmatuscheka8@reddit.com,Female,201.8.199.33
370,Sonnie,Bails,sbailsa9@pagesperso-orange.fr,Female,23.250.74.90
371,Chaunce,Naisby,cnaisbyaa@spotify.com,Male,223.248.162.66
372,Ethe,Sothcott,esothcottab@hud.gov,Male,246.191.84.40
373,Jeri,Jahnisch,jjahnischac@altervista.org,Female,79.88.110.115
374,Jobye,Townshend,jtownshendad@hp.com,Female,148.243.242.129
375,Jaquelyn,De Ath,jdeathae@xing.com,Female,200.251.56.255
376,Melanie,Windrass,mwindrassaf@clickbank.net,Female,213.84.196.57
377,Dunn,Sibley,dsibleyag@php.net,Male,239.178.164.118
378,Neila,Georgiev,ngeorgievah@mlb.com,Female,233.236.240.50
379,Erna,Geeves,egeevesai@oaic.gov.au,Non-binary,126.188.162.34
380,Ingaborg,Skilling,iskillingaj@pagesperso-orange.fr,Female,102.35.57.206
381,Ewell,Kenryd,ekenrydak@sbwire.com,Male,21.243.116.61
382,Raymund,Kevern,rkevernal@dedecms.com,Male,159.170.37.26
383,Bertrando,Collet,bcolletam@freewebs.com,Male,97.108.10.133
384,Alayne,Ovitz,aovitzan@istockphoto.com,Female,178.92.138.187
385,Essy,Tickel,etickelao@reuters.com,Female,60.46.41.179
386,Wyatt,Drysdell,wdrysdellap@tinyurl.com,Male,113.148.84.175
387,Nikola,Richly,nrichlyaq@creativecommons.org,Male,248.190.171.223
388,Lyndsie,Rolfe,lrolfear@thetimes.co.uk,Female,191.81.242.153
389,Ruprecht,MacIlraith,rmacilraithas@opera.com,Male,25.21.248.122
390,Kellia,Hawick,khawickat@ebay.co.uk,Female,229.36.202.49
391,Gare,Cattow,gcattowau@github.io,Male,70.218.63.206
392,Englebert,Schulter,eschulterav@privacy.gov.au,Male,50.144.162.241
393,Kimbell,Crenage,kcrenageaw@prlog.org,Male,29.197.175.94
394,Ernie,von Nassau,evonnassauax@mac.com,Male,137.196.22.139
395,Norris,Yoxall,nyoxallay@patch.com,Male,145.100.114.46
396,Dasya,Oty,dotyaz@mozilla.com,Female,31.68.234.34
397,Hasty,Manie,hmanieb0@lycos.com,Male,44.15.38.194
398,Efrem,Rosedale,erosedaleb1@chicagotribune.com,Male,24.123.139.100
399,Karoly,James,kjamesb2@oracle.com,Male,221.148.11.73
400,Jobie,Hatch,jhatchb3@wikimedia.org,Polygender,197.212.237.187
401,Tybie,Kohen,tkohenb4@guardian.co.uk,Female,217.217.247.232
402,Ortensia,Southward,osouthwardb5@webeden.co.uk,Female,18.250.131.237
403,Myrna,Clouter,mclouterb6@hhs.gov,Female,115.117.87.194
404,Neal,Apfel,napfelb7@cbsnews.com,Male,86.98.65.209
405,Billye,MacGuiness,bmacguinessb8@loc.gov,Female,135.66.109.202
406,Ellswerth,Ivakin,eivakinb9@google.ru,Male,20.24.243.25
407,Lucina,Holton,lholtonba@bandcamp.com,Female,136.195.3.222
408,Tracey,Exer,texerbb@auda.org.au,Female,89.124.18.76
409,Alana,Manske,amanskebc@usa.gov,Female,4.26.109.146
410,Terrell,Brisland,tbrislandbd@dailymail.co.uk,Male,127.237.65.74
411,Jelene,Mazillius,jmazilliusbe@squarespace.com,Female,109.228.84.178
412,Massimo,Hawkeridge,mhawkeridgebf@businessinsider.com,Male,154.183.76.243
413,Marice,Rodgers,mrodgersbg@economist.com,Female,76.14.218.170
414,Broderick,Lowell,blowellbh@unblog.fr,Male,96.64.135.87
415,Grier,Challen,gchallenbi@oakley.com,Female,163.6.209.61
416,Raff,Pauncefoot,rpauncefootbj@cnn.com,Male,198.150.65.235
417,Kathryn,Sotworth,ksotworthbk@vkontakte.ru,Female,128.181.81.78
418,Ethelind,Blackwell,eblackwellbl@icq.com,Female,158.233.96.45
419,Dieter,Dunlop,ddunlopbm@nasa.gov,Male,173.56.185.14
420,Fidelio,Faulkener,ffaulkenerbn@photobucket.com,Male,70.11.211.231
421,Dilan,Duddan,dduddanbo@cargocollective.com,Male,181.140.197.222
422,Heath,Summerlee,hsummerleebp@1und1.de,Male,41.235.73.159
423,George,Robbel,grobbelbq@princeton.edu,Male,144.233.113.74
424,Lucias,Wagen,lwagenbr@umich.edu,Male,143.116.255.13
425,Brocky,Lubomirski,blubomirskibs@ihg.com,Male,217.131.112.20
426,Jory,Bouch,jbouchbt@tinypic.com,Male,25.46.144.202
427,Dallon,Rennick,drennickbu@weather.com,Male,163.86.17.67
428,Welsh,Fadden,wfaddenbv@sciencedirect.com,Male,144.135.208.158
429,Floria,Oene,foenebw@posterous.com,Female,1.166.212.4
430,Cleve,Noah,cnoahbx@bing.com,Male,163.129.16.13
431,Vere,Hattrick,vhattrickby@nymag.com,Female,249.53.95.203
432,Kennedy,Gillbey,kgillbeybz@comcast.net,Male,103.3.107.70
433,Hamid,Izkovicz,hizkoviczc0@sogou.com,Male,53.116.135.41
434,Temp,Fessier,tfessierc1@odnoklassniki.ru,Male,55.34.16.64
435,Milena,Bourke,mbourkec2@unesco.org,Female,69.208.156.49
436,Brodie,Caskey,bcaskeyc3@example.com,Male,157.30.234.35
437,Kata,Master,kmasterc4@prlog.org,Female,136.17.37.150
438,Baily,Tollerton,btollertonc5@unblog.fr,Male,74.102.129.129
439,Bax,Olivetta,bolivettac6@phpbb.com,Male,130.107.85.219
440,Lilly,Bernakiewicz,lbernakiewiczc7@ask.com,Female,35.127.10.203
441,Elysha,Chauvey,echauveyc8@twitter.com,Female,179.103.72.35
442,Umberto,Sanper,usanperc9@vistaprint.com,Male,119.44.190.1
443,Marcie,McCreary,mmccrearyca@ucoz.ru,Polygender,173.207.150.32
444,Lutero,Bedenham,lbedenhamcb@nationalgeographic.com,Male,0.78.45.152
445,Arturo,Laverty,alavertycc@unblog.fr,Male,230.183.24.200
446,Niels,Utteridge,nutteridgecd@mysql.com,Male,28.78.171.119
447,Shauna,Oscroft,soscroftce@businessinsider.com,Female,133.92.164.120
448,Juliana,Baggott,jbaggottcf@lulu.com,Female,130.162.103.68
449,Kaleb,Germann,kgermanncg@skype.com,Male,97.80.49.16
450,Loutitia,Kibby,lkibbych@sfgate.com,Female,6.140.100.247
451,Gorden,Rodway,grodwayci@nba.com,Male,144.73.229.137
452,Bertie,Marikhin,bmarikhincj@redcross.org,Male,234.162.172.133
453,Karolina,D'Elias,kdeliasck@hostgator.com,Female,27.221.133.227
454,Othello,Pariso,oparisocl@meetup.com,Male,238.65.240.246
455,Rube,Bellino,rbellinocm@51.la,Male,109.4.253.22
456,Jeffy,Rawls,jrawlscn@discovery.com,Male,3.86.225.250
457,Evelyn,Fradgley,efradgleyco@e-recht24.de,Female,125.52.218.125
458,Tierney,Clearley,tclearleycp@cafepress.com,Female,77.191.172.113
459,Phillip,Benardet,pbenardetcq@opera.com,Male,62.7.42.180
460,Leonora,Hullett,lhullettcr@fema.gov,Female,55.159.120.191
461,Melosa,Murdy,mmurdycs@illinois.edu,Bigender,26.6.152.255
462,Dominique,Whife,dwhifect@about.me,Male,126.129.123.246
463,Hunter,Rigardeau,hrigardeaucu@opensource.org,Male,83.136.245.133
464,Etan,De Vaux,edevauxcv@sogou.com,Male,232.185.220.13
465,Mercie,Feldmann,mfeldmanncw@nymag.com,Genderqueer,173.91.210.242
466,Allin,Mahomet,amahometcx@fastcompany.com,Bigender,160.228.70.31
467,Camile,Durden,cdurdency@wikipedia.org,Female,47.254.205.129
468,Fremont,Strachan,fstrachancz@hexun.com,Bigender,212.37.37.143
469,Marsh,Debrett,mdebrettd0@homestead.com,Male,4.4.254.28
470,Fernando,Bradford,fbradfordd1@merriam-webster.com,Male,93.109.128.105
471,Wilfrid,Dakhov,wdakhovd2@yolasite.com,Agender,178.251.31.57
472,Nolan,Taylerson,ntaylersond3@bloomberg.com,Male,147.96.139.208
473,Persis,Tiner,ptinerd4@washington.edu,Female,37.20.246.141
474,Wilton,Paradine,wparadined5@lulu.com,Male,186.158.0.63
475,Carce,Rable,crabled6@deviantart.com,Male,103.35.44.252
476,Callida,Marchi,cmarchid7@china.com.cn,Female,125.232.107.103
477,Barth,Dunbobin,bdunbobind8@utexas.edu,Male,253.55.135.35
478,Nelle,Pattison,npattisond9@phpbb.com,Female,216.86.49.102
479,Ingamar,Dockwray,idockwrayda@blogspot.com,Male,169.114.63.85
480,Jamaal,Littleproud,jlittleprouddb@about.me,Genderfluid,239.211.31.197
481,Yancey,Sivorn,ysivorndc@blinklist.com,Male,165.12.78.81
482,Molli,Lockey,mlockeydd@paypal.com,Female,185.96.139.252
483,Sonni,Wanden,swandende@ow.ly,Female,227.186.208.58
484,Alexander,Shemwell,ashemwelldf@topsy.com,Male,223.72.13.117
485,Sterne,Thoresbie,sthoresbiedg@nasa.gov,Male,163.147.197.116
486,Adolf,Wilprecht,awilprechtdh@loc.gov,Male,198.47.63.29
487,Petronia,Berzons,pberzonsdi@amazon.co.jp,Female,205.88.140.112
488,Nanine,Jest,njestdj@addthis.com,Genderfluid,145.84.171.39
489,Marcella,Bonett,mbonettdk@netvibes.com,Female,254.104.34.18
490,Sheeree,Dunster,sdunsterdl@blogspot.com,Female,91.197.180.165
491,Jasen,Marrow,jmarrowdm@samsung.com,Male,29.190.103.48
492,Iseabal,Abbie,iabbiedn@biglobe.ne.jp,Female,210.16.224.185
493,Marta,Ingerith,mingerithdo@alibaba.com,Female,60.70.41.157
494,Birgitta,Larroway,blarrowaydp@baidu.com,Female,162.155.213.243
495,Melessa,McMackin,mmcmackindq@1und1.de,Female,39.91.0.135
496,Flory,Woodsford,fwoodsforddr@com.com,Female,220.29.102.153
497,Cathleen,Gummie,cgummieds@cdbaby.com,Female,115.60.64.183
498,Bird,Vooght,bvooghtdt@angelfire.com,Female,147.108.193.195
499,Rosemary,Hennemann,rhennemanndu@nyu.edu,Female,222.67.215.223
500,Loraine,Harverson,lharversondv@stanford.edu,Female,136.193.236.85
501,Gawain,Gaiford,ggaiforddw@mtv.com,Male,146.49.157.129
502,Maxim,Goult,mgoultdx@icio.us,Male,71.81.179.88
503,Freddie,Eland,felanddy@mediafire.com,Male,163.175.60.194
504,Augustina,Biasioni,abiasionidz@hao123.com,Female,229.48.115.234
505,Osborn,Danilevich,odanileviche0@alexa.com,Male,198.38.24.208
506,Jacquette,Eyckelbeck,jeyckelbecke1@ameblo.jp,Female,185.200.80.66
507,Adda,Malster,amalstere2@dion.ne.jp,Female,240.58.63.91
508,Reinaldos,Trimby,rtrimbye3@shareasale.com,Male,218.26.54.72
509,Dilly,Morl,dmorle4@ezinearticles.com,Male,221.130.196.55
510,Brena,Stirzaker,bstirzakere5@elegantthemes.com,Female,69.91.33.223
511,Stanwood,Huzzay,shuzzaye6@marketwatch.com,Male,2.110.194.40
512,Raul,Hukin,rhukine7@addthis.com,Male,62.122.39.49
513,Don,Slimming,dslimminge8@github.com,Male,239.2.136.46
514,Francine,Bolt,fbolte9@barnesandnoble.com,Female,136.156.244.159
515,Karil,Crawshaw,kcrawshawea@gmpg.org,Female,172.88.127.4
516,Guntar,Plum,gplumeb@uol.com.br,Male,221.101.23.227
517,Thayne,Kyngdon,tkyngdonec@goodreads.com,Male,25.196.175.54
518,Leisha,Hoolaghan,lhoolaghaned@ifeng.com,Female,24.178.132.16
519,Manuel,Berrigan,mberriganee@mac.com,Polygender,202.224.241.110
520,Inigo,Van Leeuwen,ivanleeuwenef@hao123.com,Male,57.75.239.194
521,Dori,Theml,dthemleg@sakura.ne.jp,Genderfluid,250.14.11.250
522,Ramon,Renak,rrenakeh@prnewswire.com,Male,158.187.25.104
523,Chrisse,Icke,cickeei@ucoz.com,Male,147.228.15.235
524,Felix,Shepperd,fshepperdej@go.com,Male,136.207.55.7
525,Darnall,Hulmes,dhulmesek@prweb.com,Male,237.38.157.168
526,Neale,Thorneley,nthorneleyel@yellowbook.com,Male,94.113.240.106
527,Patin,Packington,ppackingtonem@msn.com,Male,84.7.83.152
528,Jehu,Burge,jburgeen@diigo.com,Male,109.95.38.255
529,Dinnie,Noriega,dnoriegaeo@ucsd.edu,Female,44.202.217.45
530,Cart,Kalkhoven,ckalkhovenep@jiathis.com,Male,13.85.67.44
531,Barny,Moultrie,bmoultrieeq@infoseek.co.jp,Male,86.223.139.24
532,Gris,Huitt,ghuitter@gravatar.com,Male,75.212.146.21
533,Ozzy,Priel,oprieles@nyu.edu,Genderqueer,69.159.173.109
534,Amalee,Haly,ahalyet@g.co,Female,148.81.5.143
535,Nikolia,Spenton,nspentoneu@rediff.com,Female,62.63.168.251
536,Alexander,Gitsham,agitshamev@google.com.hk,Male,155.212.132.91
537,Angy,Bloxsum,abloxsumew@imgur.com,Female,128.38.188.22
538,Marcus,Thornthwaite,mthornthwaiteex@photobucket.com,Male,252.199.132.142
539,Nedi,Andras,nandrasey@list-manage.com,Female,249.160.168.115
540,Chrissy,Furze,cfurzeez@businessinsider.com,Male,146.207.26.220
541,Aldin,Capenor,acapenorf0@godaddy.com,Male,181.17.19.14
542,Antons,Nise,anisef1@bloglovin.com,Male,247.121.5.214
543,Lynsey,Filisov,lfilisovf2@marriott.com,Female,163.5.21.231
544,Paddy,O'Hartigan,pohartiganf3@typepad.com,Male,73.251.134.57
545,Abbie,Wavell,awavellf4@icq.com,Female,187.96.93.234
546,Kerrill,Peppard,kpeppardf5@skype.com,Female,194.163.145.22
547,Noelani,Sealey,nsealeyf6@yahoo.co.jp,Polygender,202.193.37.19
548,Johannah,Redmell,jredmellf7@virginia.edu,Female,99.62.180.69
549,Marmaduke,Ebbett,mebbettf8@ning.com,Male,1.82.160.103
550,Westbrooke,Eggins,wegginsf9@dagondesign.com,Male,66.7.117.207
551,Myrtia,Powys,mpowysfa@icio.us,Female,246.67.150.201
552,Aaren,Tomasello,atomasellofb@sourceforge.net,Female,110.51.182.136
553,Fleurette,Wheaton,fwheatonfc@theatlantic.com,Female,149.126.109.229
554,Feliza,Scrivinor,fscrivinorfd@instagram.com,Female,55.40.190.198
555,Baudoin,Jiras,bjirasfe@amazon.co.uk,Male,146.203.141.24
556,Abby,Linturn,alinturnff@statcounter.com,Male,156.224.51.214
557,Sean,Romao,sromaofg@so-net.ne.jp,Female,205.162.250.23
558,Kali,Stoeckle,kstoecklefh@hatena.ne.jp,Female,150.132.112.31
559,Manya,Saint,msaintfi@huffingtonpost.com,Female,190.142.34.62
560,Marcia,Lyes,mlyesfj@twitter.com,Female,198.237.162.188
561,Kahaleel,Workman,kworkmanfk@wix.com,Male,216.129.62.55
562,Sibyl,Gernier,sgernierfl@soundcloud.com,Male,103.145.188.239
563,Mehetabel,Congrave,mcongravefm@adobe.com,Female,67.181.23.181
564,Leora,Visick,lvisickfn@ca.gov,Female,56.189.15.49
565,Doy,Hilldrop,dhilldropfo@accuweather.com,Male,38.245.248.159
566,Shane,Lettice,sletticefp@biblegateway.com,Female,106.122.84.54
567,Shae,Meads,smeadsfq@hostgator.com,Male,187.219.61.177
568,Ilka,Yokley,iyokleyfr@ehow.com,Female,107.198.147.241
569,Allix,Cardillo,acardillofs@oaic.gov.au,Female,192.99.72.140
570,Cora,Milsom,cmilsomft@cocolog-nifty.com,Female,57.152.102.130
571,Vina,Mc Combe,vmccombefu@opera.com,Female,142.152.76.206
572,Lucian,Witcherley,lwitcherleyfv@usa.gov,Male,221.80.147.201
573,Aland,Paskell,apaskellfw@google.ru,Male,120.59.196.116
574,Sosanna,Breitler,sbreitlerfx@senate.gov,Female,107.158.187.15
575,Chelsey,Ronci,croncify@japanpost.jp,Female,197.132.241.75
576,Ransom,April,raprilfz@about.com,Male,77.73.21.2
577,Talbert,Jackalin,tjackaling0@example.com,Male,246.226.42.74
578,Danica,Balston,dbalstong1@sfgate.com,Female,31.26.161.132
579,Lawry,Bullard,lbullardg2@exblog.jp,Male,152.255.162.254
580,Jermain,Letterick,jletterickg3@fda.gov,Male,18.113.118.210
581,Darrelle,Frounks,dfrounksg4@mtv.com,Female,168.122.232.192
582,Godard,Drury,gdruryg5@booking.com,Male,149.243.176.113
583,Deeanne,Semken,dsemkeng6@smugmug.com,Female,213.93.152.86
584,Marlowe,Kennerknecht,mkennerknechtg7@yolasite.com,Male,71.233.153.114
585,Jacob,Standen,jstandeng8@desdev.cn,Male,158.207.7.156
586,Shelley,Wonham,swonhamg9@howstuffworks.com,Male,242.193.127.168
587,Gabriel,Rapport,grapportga@oracle.com,Female,250.15.80.223
588,Bellina,Farquhar,bfarquhargb@uiuc.edu,Female,63.242.39.187
589,Grantham,Sowerbutts,gsowerbuttsgc@jugem.jp,Male,139.33.219.155
590,Austina,Ivantsov,aivantsovgd@ask.com,Female,2.28.143.10
591,Freddie,Darlaston,fdarlastonge@zdnet.com,Female,39.12.200.120
592,Prentiss,Boissier,pboissiergf@nature.com,Male,155.99.165.68
593,Bevon,Looker,blookergg@loc.gov,Male,176.235.239.211
594,Vicky,Manueau,vmanueaugh@eepurl.com,Female,187.148.56.233
595,Gilberto,Casella,gcasellagi@flickr.com,Male,216.240.149.85
596,Jeanette,Foad,jfoadgj@technorati.com,Female,201.111.54.26
597,Salem,Fripps,sfrippsgk@1688.com,Male,211.6.68.255
598,Izak,Gott,igottgl@phoca.cz,Male,18.189.191.57
599,Sunshine,Rowlstone,srowlstonegm@shutterfly.com,Female,175.130.42.121
600,Uta,Masey,umaseygn@bbb.org,Female,6.119.238.83
601,D'arcy,Chiverton,dchivertongo@eventbrite.com,Male,209.175.94.185
602,Godard,Bartoloma,gbartolomagp@livejournal.com,Male,5.214.122.76
603,Hobard,Nares,hnaresgq@a8.net,Male,186.191.21.137
604,Hadrian,Aguirrezabala,haguirrezabalagr@columbia.edu,Male,77.215.100.30
605,Amalle,Saddleton,asaddletongs@mlb.com,Female,114.186.141.216
606,Marietta,Readman,mreadmangt@yellowpages.com,Male,83.138.238.186
607,Abelard,Wingrove,awingrovegu@reverbnation.com,Male,67.71.107.203
608,Merwyn,Bachellier,mbachelliergv@printfriendly.com,Male,78.249.4.219
609,Kristan,Cubbin,kcubbingw@canalblog.com,Polygender,229.149.20.74
610,Willie,Pfleger,wpflegergx@blogger.com,Male,230.140.21.217
611,Hermie,Bownes,hbownesgy@bluehost.com,Male,190.13.72.149
612,Mallory,Wissbey,mwissbeygz@diigo.com,Female,192.172.49.65
613,Christoforo,Adie,cadieh0@deliciousdays.com,Male,91.211.182.227
614,Hugh,Loisi,hloisih1@google.com.br,Male,155.52.68.222
615,Elise,Angrove,eangroveh2@china.com.cn,Female,84.118.191.51
616,Roth,Bouette,rbouetteh3@csmonitor.com,Male,164.172.162.32
617,Mateo,McCrory,mmccroryh4@typepad.com,Male,238.108.48.70
618,Vinny,Lucian,vlucianh5@edublogs.org,Genderfluid,70.242.96.122
619,Gris,Rowaszkiewicz,growaszkiewiczh6@yandex.ru,Polygender,213.193.161.207
620,Taylor,Aspray,tasprayh7@sbwire.com,Male,228.158.169.142
621,Franny,Godsil,fgodsilh8@friendfeed.com,Male,122.239.153.101
622,Ajay,Stockton,astocktonh9@dailymail.co.uk,Female,103.235.79.64
623,Duke,Sonnenschein,dsonnenscheinha@earthlink.net,Bigender,229.79.106.165
624,Tiler,Loble,tloblehb@seattletimes.com,Male,244.106.89.97
625,Andrea,Egdal,aegdalhc@usatoday.com,Male,56.219.222.225
626,Dewitt,Vasse,dvassehd@state.gov,Male,63.72.35.5
627,Goober,McIsaac,gmcisaache@prnewswire.com,Male,254.140.138.108
628,Audy,Migheli,amighelihf@desdev.cn,Female,91.94.40.199
629,Sabina,Robert,sroberthg@craigslist.org,Female,72.76.113.51
630,Darrick,Lorenzetto,dlorenzettohh@clickbank.net,Male,123.24.159.194
631,Gianni,Lubbock,glubbockhi@blogger.com,Male,41.140.36.200
632,Nelia,Lidgertwood,nlidgertwoodhj@friendfeed.com,Female,230.251.22.66
633,Mead,Waleran,mwaleranhk@paypal.com,Female,124.215.69.229
634,Cheston,Grimes,cgrimeshl@sourceforge.net,Male,91.123.244.4
635,Florentia,Everall,feverallhm@example.com,Female,222.123.10.140
636,Aubree,Hughes,ahugheshn@mozilla.com,Female,34.13.43.211
637,Cal,Wozencraft,cwozencraftho@google.es,Female,173.147.230.65
638,Meridel,Buye,mbuyehp@cafepress.com,Female,233.206.226.86
639,Suzette,McPhail,smcphailhq@netscape.com,Female,48.116.58.120
640,Sidonnie,Happer,shapperhr@vinaora.com,Female,216.194.8.129
641,Brant,Grayshan,bgrayshanhs@google.nl,Male,161.2.150.198
642,Albie,Dubois,aduboisht@ft.com,Male,230.8.59.181
643,Rowan,Laing,rlainghu@scribd.com,Male,1.23.172.158
644,Amandi,Lochhead,alochheadhv@slate.com,Female,16.22.50.39
645,Ashla,Robathon,arobathonhw@pcworld.com,Female,236.23.29.95
646,Marty,McMeekin,mmcmeekinhx@is.gd,Female,64.101.89.73
647,Nappy,Ickovits,nickovitshy@whitehouse.gov,Male,198.67.49.71
648,Alessandra,Oris,aorishz@nasa.gov,Female,36.5.16.131
649,Dorris,Wheelton,dwheeltoni0@privacy.gov.au,Female,41.240.3.168
650,Hewe,Fretson,hfretsoni1@simplemachines.org,Bigender,173.247.7.228
651,Forrest,Hargie,fhargiei2@paginegialle.it,Male,33.116.191.60
652,Misti,Shord,mshordi3@dot.gov,Female,192.77.121.221
653,Geno,Filipputti,gfilipputtii4@google.ru,Male,49.43.175.76
654,Ingra,Guillot,iguilloti5@example.com,Non-binary,3.52.72.245
655,Cliff,Ubach,cubachi6@howstuffworks.com,Male,180.35.81.244
656,Ronny,Zini,rzinii7@shutterfly.com,Female,214.61.11.246
657,Jerrold,Aldersey,jalderseyi8@sciencedirect.com,Male,151.224.62.124
658,Devon,Geill,dgeilli9@163.com,Bigender,121.195.153.75
659,Keefe,Udden,kuddenia@toplist.cz,Male,172.227.22.230
660,Jon,Cantu,jcantuib@xrea.com,Male,112.20.53.70
661,Melva,Sustins,msustinsic@constantcontact.com,Female,190.37.133.106
662,Lorette,Thridgould,lthridgouldid@spotify.com,Female,211.10.209.81
663,Stefan,Malenoir,smalenoirie@macromedia.com,Male,71.254.81.142
664,Bobette,Dekeyser,bdekeyserif@whitehouse.gov,Female,50.226.206.50
665,Skipton,Petrasch,spetraschig@nps.gov,Non-binary,7.156.0.139
666,Ruddy,Brodhead,rbrodheadih@techcrunch.com,Male,22.81.215.153
667,Sharyl,Osbidston,sosbidstonii@amazon.co.uk,Female,108.227.31.69
668,Gard,Erasmus,gerasmusij@360.cn,Male,125.161.240.111
669,Karleen,Eaglesham,keagleshamik@si.edu,Female,198.233.186.173
670,Arthur,Maplestone,amaplestoneil@odnoklassniki.ru,Male,216.91.247.228
671,Abbot,Stuke,astukeim@ebay.co.uk,Male,104.76.94.134
672,Sky,Mapother,smapotherin@mapy.cz,Male,51.39.139.105
673,Jandy,Scamwell,jscamwellio@stanford.edu,Female,184.167.190.87
674,Roderick,Thorrold,rthorroldip@canalblog.com,Male,166.243.229.31
675,Melony,Mapletoft,mmapletoftiq@printfriendly.com,Female,62.240.170.22
676,Giovanna,Clashe,gclasheir@mozilla.com,Female,246.23.203.43
677,Hailee,Keepe,hkeepeis@un.org,Female,218.71.10.147
678,Sawyer,Saltrese,ssaltreseit@indiegogo.com,Male,203.185.11.197
679,Rachel,Benardette,rbenardetteiu@reference.com,Female,181.140.94.101
680,Gwendolyn,Turley,gturleyiv@taobao.com,Female,192.227.152.149
681,Therine,Nottingham,tnottinghamiw@answers.com,Female,183.239.42.78
682,Chrissie,Elletson,celletsonix@scribd.com,Male,164.223.222.165
683,Renault,Cheater,rcheateriy@wufoo.com,Male,143.144.91.123
684,Nellie,Yeatman,nyeatmaniz@pen.io,Female,128.136.148.205
685,Troy,Caren,tcarenj0@infoseek.co.jp,Male,63.39.187.152
686,Ode,Pool,opoolj1@ox.ac.uk,Male,90.193.145.217
687,Erasmus,Leah,eleahj2@soundcloud.com,Male,179.175.52.51
688,Christoforo,Schankelborg,cschankelborgj3@sourceforge.net,Male,32.124.184.201
689,Adina,Coundley,acoundleyj4@cam.ac.uk,Bigender,1.195.235.78
690,Conny,Geekie,cgeekiej5@irs.gov,Agender,193.238.178.70
691,Ashbey,Padbery,apadberyj6@newsvine.com,Male,189.158.165.16
692,Kanya,Plaice,kplaicej7@spiegel.de,Female,206.148.236.234
693,Lizette,Beldum,lbeldumj8@gnu.org,Female,84.116.153.190
694,Christoforo,Kaminski,ckaminskij9@edublogs.org,Polygender,177.94.13.173
695,Cherye,Etchells,cetchellsja@google.es,Female,94.103.168.191
696,Orsola,Garric,ogarricjb@chron.com,Female,202.255.116.16
697,Dominik,Harbisher,dharbisherjc@admin.ch,Male,163.48.69.28
698,Lena,Gonzalez,lgonzalezjd@adobe.com,Female,189.76.84.116
699,Upton,Sustins,usustinsje@soundcloud.com,Male,155.247.215.75
700,Kendrick,Lytle,klytlejf@earthlink.net,Male,121.32.241.246
701,Syman,Ashborn,sashbornjg@bizjournals.com,Male,122.224.238.29
702,Jarib,Martyn,jmartynjh@uiuc.edu,Male,169.156.240.150
703,Hermine,Gelland,hgellandji@themeforest.net,Female,99.53.96.254
704,Charlie,Newlands,cnewlandsjj@bloomberg.com,Male,134.230.204.177
705,Ansel,Kiss,akissjk@godaddy.com,Male,13.64.160.195
706,Edsel,Kubacek,ekubacekjl@soundcloud.com,Male,19.234.206.173
707,Whitby,End,wendjm@globo.com,Male,67.226.123.137
708,Shana,O'Cannavan,socannavanjn@hud.gov,Female,183.49.159.189
709,Jephthah,Bruineman,jbruinemanjo@springer.com,Male,60.86.180.202
710,Winfred,Birrel,wbirreljp@auda.org.au,Male,208.73.59.154
711,Darlene,Terran,dterranjq@guardian.co.uk,Bigender,71.16.212.77
712,Mitchell,Jessard,mjessardjr@nifty.com,Male,168.248.189.17
713,Flori,Mogford,fmogfordjs@comsenz.com,Female,17.34.190.231
714,Ferdinande,MacAindreis,fmacaindreisjt@jugem.jp,Female,121.151.234.252
715,Chlo,Hoys,choysju@privacy.gov.au,Female,112.100.252.231
716,Matt,Eggerton,meggertonjv@reference.com,Male,164.247.12.2
717,Rustin,Nasey,rnaseyjw@phoca.cz,Male,235.85.179.207
718,Hoyt,Westmoreland,hwestmorelandjx@mayoclinic.com,Male,150.223.139.163
719,Raynor,Burgoin,rburgoinjy@vimeo.com,Male,155.180.225.12
720,Reggi,Streak,rstreakjz@skype.com,Female,81.114.178.232
721,Bennett,Matteau,bmatteauk0@t-online.de,Male,53.220.242.86
722,Barnie,Weeds,bweedsk1@about.me,Male,143.150.79.84
723,Erica,Hallgalley,ehallgalleyk2@amazon.co.uk,Female,228.120.136.252
724,Abbye,Batram,abatramk3@businesswire.com,Polygender,141.146.103.237
725,Chlo,Gann,cgannk4@nasa.gov,Female,125.141.174.130
726,Rustie,Ende,rendek5@eventbrite.com,Male,247.45.202.110
727,Gwenni,Papachristophorou,gpapachristophorouk6@reference.com,Agender,207.136.3.157
728,Lona,Fetherstan,lfetherstank7@time.com,Female,122.104.30.215
729,Garrett,Doodney,gdoodneyk8@abc.net.au,Male,27.26.48.71
730,Philippine,Mariotte,pmariottek9@cbsnews.com,Female,102.120.11.203
731,Rafaellle,Wands,rwandska@psu.edu,Male,79.32.90.159
732,Luis,Carbonell,lcarbonellkb@vimeo.com,Bigender,236.121.92.22
733,Clayson,Grinyakin,cgrinyakinkc@dot.gov,Male,26.108.155.249
734,Erika,Tomblin,etomblinkd@rediff.com,Female,155.84.141.247
735,Maggee,Chasemore,mchasemoreke@disqus.com,Female,92.137.172.153
736,Candide,Clowney,cclowneykf@fema.gov,Female,122.67.35.19
737,Tina,Poschel,tposchelkg@smugmug.com,Female,29.189.194.252
738,Delaney,de Juares,ddejuareskh@diigo.com,Male,253.28.66.64
739,Ilyse,Espino,iespinoki@senate.gov,Female,237.205.94.251
740,Birch,Scotsbrook,bscotsbrookkj@slideshare.net,Male,72.239.56.166
741,Phyllys,Enrich,penrichkk@hubpages.com,Female,115.0.224.173
742,Jakie,Abeau,jabeaukl@comcast.net,Male,38.241.224.112
743,Michael,Gail,mgailkm@stumbleupon.com,Male,111.177.232.115
744,Shell,Ixer,sixerkn@noaa.gov,Female,137.110.208.66
745,Farrah,Beach,fbeachko@bloomberg.com,Female,159.96.72.34
746,Shane,Imore,simorekp@twitpic.com,Female,19.110.30.17
747,Ava,McCay,amccaykq@acquirethisname.com,Female,67.99.199.106
748,Heidie,Brimham,hbrimhamkr@wiley.com,Female,210.246.219.205
749,Thornton,Fockes,tfockesks@marketwatch.com,Male,116.147.138.96
750,Valida,Jent,vjentkt@thetimes.co.uk,Female,51.143.116.203
751,Rutledge,O'Lenechan,rolenechanku@etsy.com,Bigender,117.62.135.140
752,Terrye,Northway,tnorthwaykv@icio.us,Female,182.176.95.35
753,Grata,Binney,gbinneykw@histats.com,Genderfluid,95.227.206.205
754,Marcello,Scarasbrick,mscarasbrickkx@bloglines.com,Male,229.120.6.57
755,Meagan,Tupp,mtuppky@com.com,Female,83.45.251.135
756,Kendal,Francom,kfrancomkz@thetimes.co.uk,Male,241.205.237.224
757,Aloisia,Ofen,aofenl0@yellowpages.com,Female,81.88.173.227
758,Garfield,Denning,gdenningl1@rediff.com,Male,42.61.248.248
759,Hatti,Bernhardi,hbernhardil2@washingtonpost.com,Female,190.121.59.79
760,Debor,Weal,dweall3@ca.gov,Female,191.167.237.138
761,Kirby,Edwards,kedwardsl4@tmall.com,Female,155.214.71.221
762,Hasty,Myles,hmylesl5@ox.ac.uk,Male,215.13.42.94
763,Cirilo,Reveley,creveleyl6@gmpg.org,Male,200.112.133.120
764,Paddie,Arondel,parondell7@boston.com,Male,246.138.117.100
765,Leanna,Kettow,lkettowl8@sciencedaily.com,Non-binary,150.136.39.237
766,Fitzgerald,Pippard,fpippardl9@creativecommons.org,Genderqueer,194.41.239.72
767,Guglielma,Pinder,gpinderla@spotify.com,Agender,133.125.174.211
768,Mal,Tall,mtalllb@stumbleupon.com,Male,167.168.118.81
769,Zitella,Lovelock,zlovelocklc@vistaprint.com,Female,47.207.37.148
770,Kellen,Clemett,kclemettld@time.com,Female,94.183.134.196
771,Cullan,Robinet,crobinetle@furl.net,Male,206.113.109.180
772,Rooney,Ruben,rrubenlf@cbsnews.com,Male,209.120.8.135
773,Shaine,Kinzett,skinzettlg@cnbc.com,Agender,67.175.91.107
774,Yanaton,Veltmann,yveltmannlh@un.org,Male,166.251.14.211
775,Davin,Vannuchi,dvannuchili@stumbleupon.com,Male,244.97.78.42
776,Clyve,Sinderland,csinderlandlj@list-manage.com,Male,28.47.135.148
777,Cathlene,Cardis,ccardislk@auda.org.au,Female,145.96.117.73
778,Celina,Cleef,ccleefll@time.com,Female,241.198.202.36
779,Vikki,Clemson,vclemsonlm@cnet.com,Female,204.111.217.82
780,Maurene,Ronald,mronaldln@bloglovin.com,Female,39.129.7.191
781,Norry,Dicky,ndickylo@lulu.com,Male,133.190.225.62
782,Nanette,Blakiston,nblakistonlp@dropbox.com,Female,37.84.247.46
783,Broderick,O'Currigan,bocurriganlq@paypal.com,Male,200.175.48.205
784,Shay,Fetherby,sfetherbylr@yandex.ru,Genderfluid,161.158.202.6
785,Ario,Percival,apercivalls@seattletimes.com,Male,242.136.0.248
786,Maje,Carsey,mcarseylt@google.pl,Male,139.119.92.14
787,Arron,Boeter,aboeterlu@wordpress.org,Male,106.249.20.72
788,Marya,Pound,mpoundlv@reddit.com,Female,114.106.49.154
789,Gearard,Willavoys,gwillavoyslw@cafepress.com,Male,179.183.58.244
790,Jackelyn,Gilhoolie,jgilhoolielx@shinystat.com,Female,180.235.202.81
791,Norean,Waby,nwabyly@webmd.com,Agender,23.94.153.192
792,Jo-anne,Cowhig,jcowhiglz@newsvine.com,Polygender,94.167.22.1
793,Riane,Minor,rminorm0@drupal.org,Female,83.16.33.252
794,Blythe,Heater,bheaterm1@rambler.ru,Female,156.52.65.164
795,Adey,Golland,agollandm2@umn.edu,Female,231.163.202.49
796,Omero,Yushkin,oyushkinm3@mapquest.com,Male,196.168.8.203
797,Palm,Enser,penserm4@plala.or.jp,Male,171.32.236.37
798,Ina,Bassilashvili,ibassilashvilim5@answers.com,Female,242.218.128.142
799,Malva,Radbond,mradbondm6@ucoz.com,Female,178.108.172.182
800,Allie,Hawtrey,ahawtreym7@soup.io,Female,178.221.18.3
801,Herrick,Bunney,hbunneym8@about.com,Male,144.55.83.125
802,Tobias,Ohlsen,tohlsenm9@tinypic.com,Male,47.150.66.245
803,Quill,Palliser,qpalliserma@dion.ne.jp,Male,202.227.243.158
804,Judye,Wrathmell,jwrathmellmb@spotify.com,Female,211.104.72.50
805,Dorene,Gadaud,dgadaudmc@boston.com,Female,95.78.47.124
806,Mable,Hegden,mhegdenmd@census.gov,Female,220.92.234.122
807,Wittie,Lindop,wlindopme@huffingtonpost.com,Male,216.186.180.91
808,Tobe,Turpey,tturpeymf@hatena.ne.jp,Male,86.102.17.192
809,Ayn,Glanz,aglanzmg@mozilla.com,Female,226.14.41.252
810,Vivianne,O'Driscoll,vodriscollmh@mac.com,Female,24.129.177.132
811,Owen,Iacovides,oiacovidesmi@about.com,Genderqueer,34.203.34.166
812,Stearn,Allender,sallendermj@sitemeter.com,Male,155.105.188.72
813,Calhoun,Reuben,creubenmk@soup.io,Male,118.111.168.17
814,Guillemette,Grange,ggrangeml@github.com,Female,179.82.237.251
815,Boot,Doreward,bdorewardmm@ft.com,Male,222.0.214.175
816,Vasilis,Krienke,vkrienkemn@seesaa.net,Male,238.98.134.16
817,Owen,Pamphilon,opamphilonmo@altervista.org,Male,44.230.4.34
818,Orville,Spradbrow,ospradbrowmp@princeton.edu,Male,132.223.112.5
819,Alexia,Brim,abrimmq@unblog.fr,Female,153.148.188.51
820,Iago,Willmott,iwillmottmr@mozilla.com,Agender,131.158.22.10
821,Kirbie,Robken,krobkenms@youtube.com,Female,118.73.162.34
822,Blair,Edlin,bedlinmt@wired.com,Male,33.183.112.30
823,Jessie,Moncarr,jmoncarrmu@google.ru,Male,56.75.197.158
824,Diahann,Amery,damerymv@msu.edu,Female,84.70.114.223
825,Eldredge,Ramsby,eramsbymw@w3.org,Male,161.137.115.84
826,Hermann,Devitt,hdevittmx@storify.com,Male,181.1.213.228
827,Iorgo,Teasdale-Markie,iteasdalemarkiemy@wisc.edu,Male,39.73.99.193
828,Dodie,Spurdens,dspurdensmz@google.nl,Female,24.241.3.109
829,Prisca,Holyard,pholyardn0@yellowpages.com,Female,225.151.250.232
830,Margareta,Chafer,mchafern1@yahoo.com,Female,150.35.25.62
831,Forrester,Norville,fnorvillen2@lulu.com,Male,215.92.29.154
832,Sydney,Andrey,sandreyn3@nih.gov,Female,129.190.112.99
833,Hesther,Slyne,hslynen4@blogger.com,Female,179.88.95.135
834,Read,Verrell,rverrelln5@google.es,Male,88.183.242.41
835,Egon,Tregido,etregidon6@amazonaws.com,Male,205.20.32.150
836,Gaby,Fedorchenko,gfedorchenkon7@ft.com,Male,141.210.108.49
837,Dru,Polsin,dpolsinn8@yolasite.com,Male,35.37.163.180
838,Megen,Bow,mbown9@nationalgeographic.com,Female,157.151.63.201
839,Heidie,McGowing,hmcgowingna@comsenz.com,Female,69.205.180.207
840,Giffie,Robinett,grobinettnb@slideshare.net,Male,58.240.26.64
841,Nilson,Doyland,ndoylandnc@jiathis.com,Male,252.17.77.66
842,Jase,Dace,jdacend@topsy.com,Male,27.94.54.199
843,Emmy,Charte,echartene@accuweather.com,Female,79.42.212.154
844,Pauly,Weins,pweinsnf@phoca.cz,Female,92.156.65.107
845,Shaine,Briat,sbriatng@exblog.jp,Male,236.211.173.84
846,Josey,Jon,jjonnh@51.la,Female,19.192.31.22
847,Kristos,Lambswood,klambswoodni@sphinn.com,Male,139.235.160.191
848,Bernarr,Buye,bbuyenj@nydailynews.com,Male,79.3.87.172
849,Betty,Archdeckne,barchdecknenk@nationalgeographic.com,Female,73.113.126.158
850,Gabriello,Lyston,glystonnl@bandcamp.com,Male,115.57.23.127
851,Demetrius,Cloughton,dcloughtonnm@taobao.com,Male,86.88.248.37
852,Carlos,Lamputt,clamputtnn@paypal.com,Male,53.26.87.163
853,Myron,Rohlfs,mrohlfsno@google.com,Male,182.113.240.247
854,Jack,Shewsmith,jshewsmithnp@ezinearticles.com,Male,220.23.114.29
855,Westley,Mustard,wmustardnq@eventbrite.com,Male,122.201.240.199
856,Aldis,Kalkofen,akalkofennr@springer.com,Male,32.21.67.164
857,Otha,McGinney,omcginneyns@ucoz.ru,Bigender,48.146.182.162
858,Gabey,Crim,gcrimnt@berkeley.edu,Agender,222.192.24.80
859,Vernen,McCaskill,vmccaskillnu@cornell.edu,Male,4.218.190.128
860,Carce,Licciardo,clicciardonv@parallels.com,Male,172.77.217.248
861,Cordie,Bundey,cbundeynw@accuweather.com,Male,37.162.188.92
862,Yuma,Salack,ysalacknx@stanford.edu,Bigender,129.74.165.147
863,Tamarra,Lorens,tlorensny@wikispaces.com,Female,34.2.20.29
864,Eamon,Watmore,ewatmorenz@loc.gov,Male,73.39.3.197
865,Salvador,Tosspell,stosspello0@hubpages.com,Male,224.186.166.115
866,Cathyleen,Corney,ccorneyo1@usatoday.com,Female,225.56.192.195
867,Loralie,Athy,lathyo2@gov.uk,Female,37.206.8.194
868,Glynda,Gilchriest,ggilchriesto3@ibm.com,Female,84.148.185.248
869,Alfonso,Sarl,asarlo4@alexa.com,Male,4.142.38.38
870,Alexandre,Winstone,awinstoneo5@weibo.com,Male,251.52.160.117
871,Tabb,Spofford,tspoffordo6@youtu.be,Non-binary,2.116.24.28
872,Melva,Lenin,mlenino7@unicef.org,Female,252.213.77.208
873,Ruddy,Medd,rmeddo8@virginia.edu,Male,184.52.32.63
874,Fairleigh,Scarr,fscarro9@un.org,Male,152.119.222.38
875,Iver,Crumly,icrumlyoa@icq.com,Male,21.238.76.105
876,Inna,Kindon,ikindonob@rediff.com,Female,165.152.73.99
877,Kikelia,Wellan,kwellanoc@wikia.com,Polygender,50.254.60.158
878,Rianon,Rummin,rrumminod@mail.ru,Female,83.86.167.91
879,Teddie,Ebdin,tebdinoe@pagesperso-orange.fr,Male,83.104.17.10
880,Fabien,Ingleston,finglestonof@berkeley.edu,Male,3.233.204.13
881,Eydie,Tippings,etippingsog@cornell.edu,Female,216.174.72.56
882,Reta,Shute,rshuteoh@google.es,Female,52.232.214.227
883,Antonin,Catchpole,acatchpoleoi@trellian.com,Male,163.100.70.25
884,Mora,Roswarne,mroswarneoj@tumblr.com,Female,228.18.173.143
885,Leland,Durham,ldurhamok@free.fr,Polygender,164.226.60.83
886,Emmery,Andreaccio,eandreacciool@shinystat.com,Male,99.238.86.98
887,Padgett,Drinkale,pdrinkaleom@umich.edu,Male,126.4.163.175
888,Nady,Stitwell,nstitwellon@digg.com,Bigender,100.150.217.23
889,Lazaro,Ruller,lrulleroo@soundcloud.com,Male,213.252.131.233
890,Bernita,Ransfield,bransfieldop@google.ru,Female,149.43.228.75
891,Kriste,Kennedy,kkennedyoq@seesaa.net,Female,130.15.171.98
892,Isadora,Dwyer,idwyeror@myspace.com,Female,174.210.218.74
893,Frank,O'Donohue,fodonohueos@github.com,Male,26.199.94.126
894,Gerladina,Andreia,gandreiaot@mysql.com,Female,60.179.125.128
895,Garold,Hatchman,ghatchmanou@vkontakte.ru,Male,155.170.5.192
896,Joseph,Bobasch,jbobaschov@examiner.com,Male,184.103.92.128
897,Alessandro,Itzkovwitch,aitzkovwitchow@discovery.com,Male,25.80.131.240
898,Angel,Ruppertz,aruppertzox@virginia.edu,Male,85.227.157.100
899,Inger,Dulton,idultonoy@stanford.edu,Male,168.167.79.141
900,Avram,Dunckley,adunckleyoz@quantcast.com,Male,220.0.66.53
901,Alvie,Cristou,acristoup0@wikia.com,Male,253.165.243.205
902,Pauly,Fourcade,pfourcadep1@behance.net,Male,5.105.167.114
903,Pru,Korbmaker,pkorbmakerp2@uiuc.edu,Female,105.193.9.233
904,Theodoric,Flinders,tflindersp3@hao123.com,Male,160.83.195.39
905,Avrom,Kirby,akirbyp4@istockphoto.com,Male,174.223.194.62
906,Shep,Pyatt,spyattp5@patch.com,Male,106.101.46.155
907,Clari,Gealle,cgeallep6@chron.com,Agender,55.246.8.90
908,Coralie,Roll,crollp7@globo.com,Female,128.235.81.137
909,Corabel,Bartels-Ellis,cbartelsellisp8@comcast.net,Female,3.20.117.108
910,Arlan,Couthard,acouthardp9@intel.com,Male,78.48.116.213
911,Rolf,Aggiss,raggisspa@biglobe.ne.jp,Male,29.213.81.131
912,Willis,Hayers,whayerspb@reuters.com,Male,216.7.101.44
913,Boony,Forsythe,bforsythepc@nifty.com,Male,115.67.49.139
914,Antonio,Bartosch,abartoschpd@whitehouse.gov,Male,153.156.135.163
915,Gabi,Reef,greefpe@si.edu,Female,144.232.193.189
916,Delaney,Patry,dpatrypf@webeden.co.uk,Male,179.37.235.111
917,Skipton,Triggol,striggolpg@guardian.co.uk,Male,172.120.124.174
918,Robinia,Zaple,rzapleph@comcast.net,Female,119.134.241.82
919,Durand,Freeth,dfreethpi@gizmodo.com,Male,65.133.166.247
920,Kenneth,Trout,ktroutpj@tmall.com,Male,54.246.123.116
921,Etty,Trask,etraskpk@sourceforge.net,Female,68.202.21.123
922,Otha,Whaites,owhaitespl@cnbc.com,Female,188.233.226.125
923,Feodora,Batts,fbattspm@vistaprint.com,Female,183.26.179.62
924,Shell,Hens,shenspn@va.gov,Female,192.240.160.54
925,Dyane,Lente,dlentepo@admin.ch,Female,199.78.51.21
926,Gradey,Duchart,gduchartpp@de.vu,Male,254.182.19.96
927,Kellia,Gunston,kgunstonpq@nba.com,Female,147.38.254.82
928,Bridgette,Foan,bfoanpr@cmu.edu,Female,158.87.70.7
929,Antonino,Hayto,ahaytops@ovh.net,Male,255.193.188.67
930,Mychal,Cowles,mcowlespt@cocolog-nifty.com,Male,254.50.23.92
931,Colline,Hawick,chawickpu@altervista.org,Female,6.119.166.140
932,Calida,Glen,cglenpv@oaic.gov.au,Female,145.117.177.218
933,Sybil,Tunaclift,stunacliftpw@elpais.com,Female,252.243.101.227
934,Ansel,Barkworth,abarkworthpx@shutterfly.com,Male,14.56.93.172
935,Marjory,Francie,mfranciepy@qq.com,Female,33.119.124.0
936,Tallie,Janz,tjanzpz@army.mil,Female,16.18.145.35
937,Carlen,Avis,cavisq0@mashable.com,Female,40.98.228.1
938,Jolene,Ferrarello,jferrarelloq1@icq.com,Female,196.55.95.141
939,Justina,Heymes,jheymesq2@51.la,Female,39.132.10.28
940,Maurita,Kilbourn,mkilbournq3@nytimes.com,Female,13.162.24.242
941,Merrick,Noad,mnoadq4@smugmug.com,Non-binary,236.181.158.251
942,Engracia,Tangye,etangyeq5@1und1.de,Female,112.43.133.134
943,Alaster,Stedson,astedsonq6@umich.edu,Male,246.117.12.91
944,Aliza,Norquay,anorquayq7@exblog.jp,Female,118.44.75.107
945,Jorrie,Condliffe,jcondliffeq8@youtu.be,Non-binary,238.215.163.125
946,Douglas,Chartman,dchartmanq9@dedecms.com,Male,113.67.222.212
947,Glynis,Mersey,gmerseyqa@umn.edu,Female,120.146.36.237
948,Kimmy,Treadger,ktreadgerqb@histats.com,Female,41.191.111.128
949,Godard,McFadyen,gmcfadyenqc@plala.or.jp,Male,57.85.249.146
950,Alanah,Camblin,acamblinqd@utexas.edu,Female,106.85.115.125
951,Vivien,Issatt,vissattqe@vistaprint.com,Female,83.13.196.156
952,Percy,Eastwell,peastwellqf@symantec.com,Male,178.121.21.195
953,Davina,Barneville,dbarnevilleqg@dailymotion.com,Female,38.93.111.112
954,Carolina,Hallgarth,challgarthqh@gmpg.org,Female,52.128.221.180
955,Miquela,Haack,mhaackqi@yolasite.com,Female,158.96.212.221
956,Marice,Canwell,mcanwellqj@thetimes.co.uk,Female,175.79.85.116
957,Margery,Fishenden,mfishendenqk@pcworld.com,Female,87.201.173.198
958,Shurlocke,Bellson,sbellsonql@imgur.com,Male,93.70.87.209
959,Cad,Pyser,cpyserqm@mayoclinic.com,Male,118.113.35.1
960,Thaddus,Delort,tdelortqn@time.com,Male,107.103.78.240
961,Charlean,Izacenko,cizacenkoqo@archive.org,Female,152.252.37.218
962,Tatiania,Keuntje,tkeuntjeqp@yale.edu,Female,24.121.224.33
963,Fitzgerald,Hollibone,fholliboneqq@walmart.com,Male,194.183.170.123
964,Marlo,Higgen,mhiggenqr@freewebs.com,Female,152.169.28.240
965,Dudley,Ferriday,dferridayqs@sphinn.com,Male,168.255.158.82
966,Kale,Gowar,kgowarqt@linkedin.com,Male,241.73.219.253
967,Purcell,Denis,pdenisqu@rediff.com,Male,82.158.42.141
968,Carmen,Rosenqvist,crosenqvistqv@webs.com,Non-binary,142.170.159.91
969,Theresa,Bousfield,tbousfieldqw@friendfeed.com,Female,76.7.134.69
970,Alexander,Petford,apetfordqx@list-manage.com,Male,243.208.171.199
971,Charita,Ditter,cditterqy@washingtonpost.com,Female,214.16.34.236
972,Wilhelmina,Seth,wsethqz@shutterfly.com,Female,122.41.227.29
973,Annadiana,Tace,atacer0@mac.com,Female,30.104.53.126
974,Lois,Wagerfield,lwagerfieldr1@ftc.gov,Female,242.202.80.159
975,Natasha,Eskriett,neskriettr2@state.tx.us,Female,121.44.44.164
976,Cindra,Ditch,cditchr3@so-net.ne.jp,Female,89.138.241.177
977,Felike,Papachristophorou,fpapachristophorour4@techcrunch.com,Male,17.59.253.138
978,Jaimie,Swoffer,jswofferr5@columbia.edu,Agender,220.66.229.25
979,Albertina,Winnister,awinnisterr6@timesonline.co.uk,Female,174.22.31.228
980,Dulcine,de Quesne,ddequesner7@google.it,Female,236.229.23.88
981,Tull,Sturman,tsturmanr8@google.co.uk,Male,148.155.201.101
982,Elinor,Klulik,eklulikr9@harvard.edu,Female,29.88.50.13
983,Sebastien,Hassekl,shasseklra@latimes.com,Male,131.144.213.49
984,Valentina,Ivantyev,vivantyevrb@ocn.ne.jp,Female,245.34.217.96
985,Kimberly,Douch,kdouchrc@zdnet.com,Female,187.218.16.52
986,Katrina,Naden,knadenrd@t.co,Female,64.23.171.152
987,Ursala,Emerson,uemersonre@homestead.com,Female,153.230.190.106
988,Javier,Storror,jstorrorrf@hc360.com,Male,110.218.12.28
989,Lincoln,Davidou,ldavidourg@flavors.me,Male,118.13.226.204
990,Charleen,Deal,cdealrh@yandex.ru,Female,204.52.215.37
991,Halsy,Radborne,hradborneri@blogtalkradio.com,Male,92.147.82.169
992,Evyn,Bartolomeazzi,ebartolomeazzirj@deviantart.com,Male,65.33.34.229
993,Zonda,Rule,zrulerk@soundcloud.com,Female,48.108.108.12
994,Ursulina,MacTrusty,umactrustyrl@chicagotribune.com,Female,134.214.105.141
995,Philippe,Witter,pwitterrm@trellian.com,Female,200.221.131.86
996,Daile,Dobsons,ddobsonsrn@craigslist.org,Female,250.51.53.113
997,Raddie,Gorce,rgorcero@economist.com,Agender,193.187.137.51
998,Christabella,Thairs,cthairsrp@ibm.com,Female,132.147.211.172
999,Stephanie,Boone,sboonerq@scientificamerican.com,Female,113.45.34.55
1000,Eal,Orgel,eorgelrr@chronoengine.com,Male,73.26.207.190
